id,is_iceberg
5941774d,0.005657162151598986
4023181e,0.496025873422249
b20200e4,0.02246208581906472
e7f018bb,0.997639166068588
4371c8c3,0.0940575076128671
a8d9b1fd,0.30570761185841977
29e7727e,0.020964109340138728
92a51ffb,0.9974179108853729
c769ac97,0.022853335277482262
aee0547d,0.002218758279336169
565b28ac,0.002218758279336169
e04e9775,0.05028702099494746
8e8161d1,0.0037371607975360197
4cf4d256,0.9828294307273836
139e5324,0.05437767013712465
f156976f,0.0054492998010894755
68a117cc,0.02977226958155397
d9aa7a56,0.20401119495853734
9005b143,0.04037279057301124
5f6d3988,0.9974179108853729
9ad70954,0.8497748671112003
b9087b9e,0.8823996193879177
a39a1427,0.7420567788504071
82fbe8ed,0.008245524890177481
1fae4879,0.009933980643523872
6dd8f13d,0.024422017912732553
bbad5958,0.031833226059693284
54527583,0.11533165993959589
be8fa29c,0.24810260389785072
81a3328f,0.9974456372542722
1a3c0ab3,0.01868357675600611
4deeeb8b,0.9836980840047824
ac6d5632,0.6869878184859707
472dadb5,0.07623224518225029
96093f95,0.8840868802499207
f5b4e3df,0.997639166068588
e01a3c92,0.025345085884559655
001680af,0.2635761453178585
8e639f33,0.06605786322269588
a2c16612,0.9694245970581893
a6d76474,0.007794951435115671
19c47684,0.7183716273249658
015827b6,0.6751433915179743
7df7f7ce,0.15136677938744728
0bbf1a3f,0.9843027306085022
636cfbb7,0.9649298765474349
7370030a,0.954124360634706
43aa97ad,0.005934428843015161
ba2b5e63,0.9968544660051796
dfdd335b,0.6484517007111185
e79b13dc,0.1832275761759144
dc32b195,0.25314046588178774
6d868590,0.997126301528579
75fa59aa,0.46492620029353915
ffe50836,0.03290090732522153
a7bfd784,0.9960921380818568
b3d569e3,0.015439955163959351
6c538c5b,0.04538624523142769
5c7c15f4,0.005329361929487165
0b745139,0.3741310073540628
fd14608e,0.20261742075970307
f0bc8305,0.11911355401075627
a10ccb28,0.9968544660051796
543304c7,0.25069389180083446
6c3a4078,0.004778590533077607
9b73cc75,0.11354603932175047
5c6c71b1,0.02473733631879868
09ee9186,0.4518816516987811
207c35cf,0.08644446176369386
153c813e,0.006279765599672427
5605d58b,0.7222629105737105
642ca396,0.029443273349051984
d32d72c0,0.08934022133208393
16646a17,0.9015186378238642
384074af,0.033833066959119376
69bf1e8c,0.18010514970826022
9e90a054,0.6158184504961535
89dbe7f7,0.9970729367632718
dbd27d22,0.42251354465935576
a2ea1561,0.08710888554116174
d63402af,0.5158322629269411
1ac8bb92,0.9973101221080064
8beffca5,0.13450495820932012
46741f3e,0.02246208581906472
e5ee6aa7,0.006244973442552827
5ecd892b,0.2349930227623281
69892166,0.04184790280125834
2f725a81,0.015156541243915106
810abfe4,0.009784842323667647
e6f973e6,0.10690769879903075
c60a5c46,0.5819989646718917
c42b9e08,0.4601979991676872
c3f00c23,0.02145813773440212
5307fdb8,0.9830446397590039
3e4f005e,0.004635551720425202
4a4cc2e0,0.9562513940046861
9bdd88d1,0.0023337994790801164
0d832bed,0.012336269344419334
14a134fa,0.17988170780029655
78a41676,0.007794951435115671
0bd4658e,0.07937121971876304
4a311bb0,0.766862376285135
f939c817,0.33727684985724504
956adc4d,0.997639166068588
f8a119f5,0.7717155762204069
61faa1ad,0.341438996521689
6725eb3e,0.018321694206494352
17b3a8fd,0.0565538147814203
49a88dfc,0.0027614871466328634
2d6ec645,0.4929733770278791
0d4d77ba,0.6167157873044214
3ee672a2,0.9975905851058167
738b41fd,0.22256552460840512
f7fb320d,0.9730978480022447
b42fad18,0.002218758279336169
4ab8b00a,0.22808794463328524
f7870f2b,0.018973811535452745
4978666a,0.9821733580764725
f1b0d6c7,0.003799450797205472
5642407f,0.006301136053597478
36d4ff92,0.9968537381707631
4139aba2,0.10176859250267407
7585ce58,0.38051690115452247
33e25984,0.997639166068588
ac46f3c9,0.11810017839196355
fc34a5b8,0.9818146849361191
85c36a8f,0.08483433960967568
b2d8a426,0.08750888490729815
13ec60d1,0.8940918738635053
9d440f42,0.1792179445724371
1c0a891e,0.3317227574715372
981c3bc3,0.9974879616437127
295604f4,0.02433278706536528
16ca16c3,0.6557525265393502
b4dda837,0.4835598761663326
88d088ef,0.03065887327146265
1b4fa160,0.22866711601393738
f371bd82,0.18342270388020082
b130a0b7,0.997639166068588
ebf1de82,0.895885329253241
01e651c3,0.0637023049810049
51b1fecc,0.24026008232803572
fa635a31,0.020290686166445686
97b7d789,0.1619778428682877
2f598053,0.03834103384768055
c0e3e148,0.39462366143760236
cfa175a8,0.02257872617938865
3d7e09d8,0.9966416150207003
44a13d1b,0.9556109598085605
c66b0948,0.15770988132926847
976a6d64,0.05434504492494833
8bbd8909,0.9080299872716721
522890fd,0.15784097325693608
f23a3b95,0.959483633796147
680039dc,0.0877027539085887
93028e53,0.5095046893667348
22a16932,0.4573028250184505
7d8126d2,0.005192855630805224
ba2ecd75,0.002344157367001496
8071bdd7,0.4985815334374343
96d5aeee,0.004501597261786629
154be68f,0.9913455588535646
d8c2bfe2,0.9919714812126095
f76d47b0,0.07274269584440132
0e781ade,0.021891512772358502
13cf6060,0.0034742304651069027
cd99f710,0.04312705386464673
d10005bb,0.006096694554337026
3a31445f,0.9970729367632718
3157202d,0.0867163413725817
6ee64703,0.21953122952098006
e5de8685,0.4804660306431504
02cc70ba,0.0094630772652121
50984a87,0.987206101558933
fa94957a,0.9967941017881149
eab406b4,0.035470059140833864
3ad39398,0.9943404813925504
9ecf3802,0.11302323150281719
6048ae7b,0.03459074819842182
9dc68871,0.0026746164949954
13701465,0.056747901573021606
8d8779f3,0.02145813773440212
0712f269,0.056341821709066674
722c2597,0.02246208581906472
478a2b08,0.8880929113543647
38f5fb41,0.9502666178033008
c52ad74d,0.9975905851058167
0c85fd09,0.018809465951940843
f1582cba,0.9724022605944562
ff836697,0.9517812910722695
ddfe4802,0.7866153597031479
3cef3bc7,0.9973693299226015
6a21542b,0.7756454782080616
150e23c4,0.9974792235630631
078c6d99,0.9969314905668079
1dcd1dc3,0.019653475989299445
39967e45,0.37763702640531704
6b6333aa,0.006490827835077008
4ae61433,0.146226398299559
f96362e0,0.0035830105442551594
97a88aac,0.17329828186997384
427ae8ce,0.9935656120502478
209d4b15,0.08622347455545942
64b453bd,0.003709799059359436
0f5a484e,0.31888129619992905
5ac74969,0.9782257559301192
736ed43e,0.7347557408134494
8533795f,0.3507797897610719
f5b54fb6,0.9454663230746494
6eb4c041,0.08091530310634568
97afdf42,0.2953078121046651
1bb488db,0.019273974606016826
f132e44d,0.005329361929487165
d3c2f140,0.12684735986817705
1756794d,0.6343392804418194
9efcc11f,0.002218758279336169
14c966cf,0.955505992152531
59cfe4d1,0.06869415547973043
883151f4,0.01460995897020056
34c4c9ff,0.16598436644859388
70b4c2eb,0.549573684462246
96a337d9,0.8616583831396557
7fe89ffa,0.07075210220630064
057c7a22,0.0023337994790801164
451cc057,0.017288759280641997
05076700,0.0047944494783208015
dc52f6c1,0.681487882225236
b03a59f9,0.2194419380479657
129ed4b0,0.9930822460843863
fb611563,0.9974792235630631
ac32e6f1,0.41643643189102536
c05c5ab0,0.33464225007182546
3163d5ed,0.04376019590392047
02096ca4,0.6858155830661874
e92496c0,0.18743369399941084
1a9e2c50,0.9964978841037695
0864e334,0.9968650670476358
d976faeb,0.8372132684427553
1d7b342f,0.032571771897927114
281bc1ea,0.020360906381470308
bea9f0cf,0.07256032031790693
f4afa0e6,0.005250335240468259
e1b5ef69,0.7957757122076222
b50539fd,0.15353538218082907
2a8c9c15,0.9917967340305456
157ebb0c,0.9971938833153111
247d3614,0.020298494858554915
0c6cc0cb,0.1893645838491945
aae88d39,0.024539560856035134
0c77b464,0.006441914065134285
963cf5ea,0.044379515858911416
1b371d8b,0.9959637089520736
225bc00f,0.525475303456876
bc0a4eec,0.19031921103015953
1099782e,0.6707091033980996
a18feadd,0.9972959064174354
ad7f4932,0.20480242194841414
5f8f831e,0.9897314182215862
b5167c35,0.12661651321362527
0230b06d,0.9523660809014938
f8d7f7ba,0.18342270388020082
08bd1053,0.26436411785636554
58e4dc8c,0.18342270388020082
4793ce8e,0.5024906524085383
304caab4,0.005102599695893508
f2ee6d7f,0.3086272840074442
e1f9c0e4,0.5924751859519134
8e40401c,0.10871307415167589
5d9eaba2,0.0717323571833215
55e7562c,0.3423221848211031
9da6cb4b,0.005345528433312182
c3c1c8ec,0.02496861120401727
3b38698e,0.04359917441181637
6c9eb909,0.021693594442279883
482a3d1d,0.03033617809748706
0e9918f0,0.447371526989088
ef894fd2,0.0033856275746201522
4b82e7f7,0.9973166097315319
b9cdd7fb,0.0026354162801281236
94a496f4,0.0545520895982103
995eacae,0.8047640408127436
41b02e58,0.9966213097757753
69f04617,0.3178982368683359
c889a03c,0.9971077994360575
91f98acf,0.9974456372542722
9135c19f,0.99739353384475
1f0e9c09,0.0047944494783208015
260d6e8e,0.006543127477045581
46334397,0.006738968430226522
f34ddf31,0.09195273379259092
4d6177d7,0.5496091853455951
76a57270,0.9407490574395624
217b8cea,0.16392624485252857
9a45a566,0.02094897947806277
1b55c75e,0.005934428843015161
7bd92ec6,0.9973693299226015
6c409f41,0.044409445242659516
df3e48eb,0.8206889083137445
62723e57,0.16257826234999145
b8e627bf,0.20112437509403264
86bb5d85,0.06838364634179034
77e5034c,0.027022200691878995
607079e5,0.8831048704775111
96879fb4,0.04082713229335837
6afe606d,0.2997294004433252
4129802f,0.9581028165763374
a42300ef,0.9642979780713091
1af842f5,0.9549593881015133
3fe57d78,0.9965130216069659
f4e60ed5,0.9924772643333751
68c8337b,0.3328505427751791
914ed5b5,0.6570284358486104
a6bb5987,0.802481713854793
c781c439,0.19269893034903784
47a1a25e,0.07943997905749507
80ea0713,0.9656711776613651
a9d001bc,0.034268842472945704
f94d098a,0.6820375260395725
3e230e0e,0.18094141995034912
24afa485,0.019653475989299445
bc37db7f,0.04069121978314787
83f99e4d,0.007390456814715752
1a8d86f7,0.007215628626218129
38136419,0.17766732625306947
d393e637,0.12946474401114244
36902570,0.9812468220579866
327f7b25,0.9918503220539137
3f8543c6,0.026644510502126656
a0d42a70,0.27865588246616807
e07ba430,0.9079398013123375
c6e53803,0.2436059673622289
fec4dad8,0.2813312886340831
933fc5ba,0.07550182577626992
c27eda4e,0.9971685399913406
9b94d2c2,0.0026746164949954
a2dbdb31,0.4571144195624278
816258dd,0.966944728611567
81f11218,0.0304412685425172
c4bd9d04,0.09880787850552185
c6ce9bf9,0.8714858865558804
a7b3cc29,0.020876336651227994
527870bf,0.6401098482442363
9af26068,0.9975905851058167
0b591e70,0.9961852341913732
2b1e57c5,0.21365220154907832
194db786,0.9452984493079798
e09ba644,0.99739353384475
fa2ed3e5,0.9973721738098871
1ba92726,0.06405963966135408
8c8f45b4,0.022081547416546315
f8889f44,0.023501144610701553
598e255b,0.17404791045497875
45f1aa7a,0.9285423059302941
022956a3,0.004372865666567532
d406064d,0.9778841422841602
76617947,0.02145813773440212
d0e5dccb,0.731848165932699
33271da6,0.048899686858400966
0840e2b1,0.9940944953998233
521a9f4d,0.9714298593960532
7286b1dc,0.40554426712095804
5b6acc2d,0.7273523940530507
e034cd34,0.007712122602261498
46577660,0.2558332797965762
bb4d6f24,0.9790325121611717
bfc7a3f2,0.794627038278122
abc66be8,0.019496909471267053
3627189f,0.9974879616437127
e49a77f6,0.08304663498291963
a209d7ee,0.08846260088729002
dee69cf6,0.9417190356625612
9a6261a0,0.013140363930633165
a8e444c6,0.0047944494783208015
a6a66a28,0.9970729367632718
db7022ff,0.015767052943346876
0dfb45d9,0.9873400272520927
81c983aa,0.02946264122557602
a98fb5e1,0.9877184380208742
99e004d7,0.019640637109677183
d16e5fbb,0.041055850922379594
3c352f9e,0.14607146043367902
12202699,0.37342505593540515
86af0236,0.12634149670292838
f3703e6f,0.9280726118545614
4a71dc34,0.9962720457443008
321edcdc,0.0643742004210988
e365a657,0.019653475989299445
45755c9c,0.05639527916765848
873b0829,0.022207025188489403
72ccd009,0.42471844340064324
205243d9,0.989933945447857
d9202f36,0.15781327108641952
9d0c30b0,0.01137448896425201
56644ace,0.010830261675285958
c63f527f,0.07697157562222202
bb84b9bd,0.997639166068588
6f68caf0,0.9188156349137608
8492119b,0.028260393047860304
71bde48d,0.992058116511868
d2d6e2ba,0.7283877249454251
6f4b309c,0.09012860957654241
b3cc5ba3,0.9873368113356719
fee39547,0.39198678481738
4893137a,0.8729604249278669
e283c4c4,0.8155585890512494
25bac62b,0.9679208228613669
8fd88dd6,0.002218758279336169
b48c104e,0.17843389424905645
221d500b,0.5848307490270737
8f0de087,0.14517291944900287
32342e03,0.11629017436783322
a8da99d8,0.005312032236588252
93203755,0.51553698728147
d3c88528,0.9961365940594284
0d7a17b3,0.06396944072373548
bd72f5ec,0.997639166068588
e953c0fd,0.08306070982442093
e730b6c6,0.9610504916590669
c086033a,0.006627617960138915
a521d303,0.002305134368220796
b023957a,0.07203204000393185
3e0f04e8,0.019653475989299445
60647cba,0.004308116576691369
2f5c43a8,0.9681131055843345
b54ba69b,0.9968859548784692
eac962ff,0.7991190532108027
7e2a3763,0.004693277843235992
9362d863,0.005382682613392441
8f1b833c,0.26103977098562536
79727ff5,0.18255762600106068
62614c75,0.982216247953971
75a03adf,0.2754954792720408
cf138392,0.8564738970803901
bf467a96,0.3473332361191732
c8b34651,0.9063176672766158
105a5c54,0.041055850922379594
bf6de75c,0.7816937124815468
060702c8,0.8292000837462752
921bad2c,0.9917486753597944
e0d17eb0,0.04429999361150426
9a3825c9,0.7923399913542593
8eda717f,0.0024520207644911857
78906e0c,0.997639166068588
c60100ad,0.9968544660051796
90a72a52,0.5509157146524981
d80e4ed4,0.12946099102294664
339cd0d2,0.575295568387322
d99de899,0.8020243843436627
357e20d1,0.007332818697168217
a4d190da,0.7647085492976686
bd226217,0.05981265201274214
476e2771,0.997639166068588
4e483506,0.391091761429247
f70ea081,0.9974179108853729
4645e56f,0.9965737881698853
e6d05940,0.0593184901243881
f8b3c6af,0.9971346809651873
c89d6aad,0.055638038870251795
0cb57f6e,0.627751895270092
86a4be46,0.2625389019831963
75e62d7e,0.019653475989299445
ebc36374,0.4822536644236674
0ebcb731,0.8288887035031841
24d000c5,0.031125989417732557
f3c9a4f6,0.17959776588133675
1bc59730,0.003092143802942306
47ea0bff,0.9377071268816245
cdeccfdd,0.023493821055955155
15e09a1d,0.24858392359258558
00652788,0.09485207022267207
23649c84,0.16083474897363384
91188a77,0.036322560162158825
eaca8580,0.5682141033029213
4ce9daeb,0.9778656288438394
d4220673,0.9640100856475232
b6a87aef,0.023234910528394374
8333ebed,0.7554057084768026
950a3453,0.022987782370750418
7074f6c9,0.5392803520847226
98a02caf,0.007391438007960728
59c8d2b3,0.9974306426002917
d99d13bd,0.991968552000879
de86f1cf,0.9974456372542722
8f4b1985,0.9933974173875268
a7779b04,0.16550018541150352
2caeab11,0.7871200490048579
16aeea7c,0.26702465530738023
b9d19ab9,0.9450599227965437
29c5d2fd,0.9975905851058167
efcefa55,0.49634997171153356
099161c3,0.9817937254022168
12b49195,0.004693277843235992
96a1ce13,0.9971077994360575
67964b4f,0.005312032236588252
b61c605c,0.4359063265655517
bcfc0f16,0.004255549073902016
bf0cb956,0.006722341164010976
12f6aa7d,0.9262357240066132
f36f3a0c,0.021547577213354117
83490492,0.04832792973607562
e3b62b60,0.03391701702250981
20b27d66,0.9970729367632718
25c3ce93,0.35243204810231193
67a2ff0b,0.9806183134605408
9b2d3c1a,0.997639166068588
8ad51f7d,0.010448228775115271
14137b57,0.09623953543627073
9ea5aa79,0.03469504993813093
5ea1d2dd,0.4932433975792073
979c867e,0.9629732282548907
7ea1e1b6,0.5743590062165486
d65520ba,0.0186533861318937
765ad2e2,0.95001011035703
d2957326,0.997126301528579
24349e24,0.01868357675600611
fd8a2ae3,0.5215912337353892
b282d98e,0.9866358334911626
3eaa7a61,0.9056397153939477
16533dd4,0.282532769813992
4adb68d7,0.9974879616437127
565005b9,0.20933389231886843
51d86e0c,0.997639166068588
30635642,0.009084491182912375
d9480a60,0.0637023049810049
b2647128,0.06869015861128672
20478c55,0.997639166068588
caa0d105,0.049791803332915226
474f4534,0.018242429878952575
d51e3867,0.9912569319208423
e5d1bba7,0.2919546499921634
e7000b2a,0.3061904252462334
78f06b79,0.022987782370750418
8a9f4bee,0.9816904348563072
3d716bbe,0.2583030176204469
6e1ddef1,0.2809425337139272
9826f39a,0.5032322819933803
3fdc82f7,0.98033040440362
31f013c3,0.9811177782783629
97a9df6d,0.20382513087185483
10e65294,0.7572907031353047
0bdca1a5,0.10603935627808218
374037fa,0.1399340628956262
1d1a0cec,0.9532473459728902
d415c5ad,0.8851904883120625
ced1306d,0.005102599695893508
f43497f3,0.6375771965140684
ffd13a9e,0.9975905851058167
6f67148e,0.28630198291115566
be322b68,0.6563504129896807
af209b44,0.03211323096818465
69b53a4a,0.9497826386316263
4c085180,0.7402663609174709
608cea18,0.04075228952813782
f8bebbfd,0.6431540650218056
ae16855d,0.019653475989299445
dfc700b3,0.997639166068588
e3bdd9ac,0.9970729367632718
87a8ea20,0.509621732266013
3c3da9aa,0.8609479736604364
76c882d6,0.005102599695893508
9e429645,0.991315248178459
7dc9c990,0.0023337994790801164
f38d53ef,0.055854407322765275
e1785b6e,0.37172784397479813
80c673fb,0.9932011858256065
a8b8c20b,0.9868092002366351
6a1ff150,0.9655076480148308
2f68d4fe,0.13493111926418697
c462ec65,0.99739353384475
c374d5c4,0.6648583462841049
d20769b3,0.0802723029141249
c467fe4d,0.22732241798756142
1356229e,0.05257864299855304
b1532127,0.0063149157341758026
3777ee22,0.9968626389378024
4ba6023f,0.9971938833153111
08504ae6,0.0028417585847884327
5e0b4cc5,0.07882859988573626
249a0c1f,0.9949316904468158
24b3497f,0.3641808329737996
9edcf494,0.05525278890066141
53297290,0.030057047410402993
6d3a269e,0.9974179108853729
1b0d38fc,0.024938746851370874
02747427,0.07453462206116039
38867253,0.9975905851058167
c392dbd0,0.8201479016098526
8939734c,0.003195248256208623
097ba3af,0.004302158621722724
30f0f835,0.6135106849537919
bdab1bcf,0.8252841987269515
1070a984,0.6001011497864548
c41b8a90,0.9809584839342118
86a3b5cc,0.9635584511432004
d0a3719e,0.5913567333552944
b1a8067b,0.0063149157341758026
911bc6aa,0.43589241295835224
67a2d0ac,0.004430017918530868
11447262,0.03521146646092191
12fd1375,0.002958906379692438
f2898538,0.9185911117572889
0e7355e2,0.0041709971433403345
bc2c87c8,0.9975905851058167
94001156,0.5560016220270226
d5855224,0.9931317553049344
a3c1a552,0.22632669580822667
edcf54fa,0.9885342093951438
a28b90eb,0.5279840048790906
63cd028f,0.019273974606016826
dbc79657,0.002830623641473747
bc856bf1,0.6632547077796078
c7e25a70,0.698132092776337
9771b119,0.004848943369346439
836db0d9,0.0077192056570398685
f5685d3e,0.7811050510891466
bb04299d,0.14715809805002916
163a9d23,0.058529886820509414
5283c614,0.015862174369477233
2276d5d8,0.015340465903011705
ccb77e34,0.32828485158246157
d4a75bf3,0.11529788442531745
e15f46ea,0.3646591895567492
992a45ba,0.07404316748334028
056e7768,0.0023496229675649604
a1dc016b,0.5605827216134898
38db82cd,0.0034240133334312176
3295f3ae,0.0565538147814203
a6ff3660,0.9032703367732303
5981b799,0.994722832439032
2636d79d,0.0481694545521532
7a8521e2,0.002218758279336169
9b53021d,0.9639227204816427
0a37be18,0.9965874945961243
a8676e55,0.997639166068588
3488b8fc,0.026734179150732923
b86d4006,0.9893003900072921
33888635,0.9974879616437127
aa9ca5f9,0.04301057857259298
08faf0f6,0.005257448123354995
5320cd26,0.0025022378961668717
2c57fdaa,0.4411356313132961
d467ce62,0.02135551851274338
888a568e,0.9971938833153111
88d6c838,0.9972557668674664
8f138517,0.028843414358244036
e1108dc0,0.02396565443217949
9e9cd6c9,0.0513032100069693
ab893af4,0.03599261639671358
4d4b30ba,0.3539999435823439
7ce15e26,0.02300751830513835
dbc45500,0.002218758279336169
6a0cde3f,0.078672418620992
2658014c,0.017838771179350645
08d20604,0.006415082057001205
03c83dc9,0.1702935770215988
d741ccd1,0.057047546646589765
992d48b6,0.004707883488232799
b1ea3253,0.997639166068588
da379e69,0.024976184366523147
73b429af,0.997639166068588
2aefe712,0.997639166068588
1e3634f9,0.9965737881698853
069ee09e,0.020360906381470308
a7970f81,0.002218758279336169
23084d2e,0.014122107307579956
ac57710a,0.8292000837462752
02553267,0.4836351490272019
0971c6c7,0.9188156349137608
cdb7f1fe,0.8748549643924477
d3af3f60,0.0922672608638492
59daf44b,0.9485686305906335
c2169934,0.9090463189887886
da03b56e,0.18068056907917673
474ea404,0.8562907298899614
f686cdc4,0.6767508113168501
f865b354,0.8951192247711075
106df554,0.8921859571349241
e5637171,0.4620534602040574
cba8985c,0.019830541340331336
cc09c9ce,0.1530184060377286
0b85b33f,0.6385020147661132
92f20625,0.6462311021669883
6b1379dd,0.0690158996930603
ed2b1df1,0.5319305440518209
325124e4,0.002751504711281958
7455c944,0.004430017918530868
fd68ccc1,0.04888684118121269
8df9100d,0.13449629533573754
c406df9b,0.027031861956369762
4978870c,0.004302158621722724
383f95d6,0.24816250965143105
aba96bbf,0.005656060106978335
6bba66b4,0.047342824261175254
b86fa0c9,0.07040239728752407
a2abc369,0.6366430962018693
0b40c014,0.10582879350598891
d45add48,0.2664030372721299
00193999,0.8970866628774437
c2f1b710,0.6342206614010019
53750c72,0.020858337081639932
3137ef1d,0.879528545653699
bc6b8e2a,0.032967115924298525
7cb546c6,0.9968680161913698
d59a2349,0.01816122472447795
04d04b9a,0.09222986612668474
05ac1343,0.02207243482501536
2917895f,0.031157854835689634
342a1d01,0.9833041398763541
78309e4b,0.2592125748363417
5c1a5aba,0.03206708945569257
fae57f79,0.21372516744728265
23821d71,0.8400902917663544
5780b19d,0.028260393047860304
11c67865,0.9771688671022666
8564f114,0.3167589763033055
ec7d0fdd,0.03471919564013929
9a0446b8,0.5088556957660183
5f5da69d,0.7244873072985801
7a11839b,0.9881556087119889
763c9bbf,0.0028695531975190935
15a7b5c5,0.0027152517702175153
e9c7e251,0.10108353390380871
2555c207,0.6486628773388807
ec8d9784,0.03868907798460476
08fd9d10,0.8966771797864592
9504ae29,0.0063688309504173896
0b91a24d,0.11836011279839231
e62e6cfe,0.9920622237651351
5d1291bb,0.8038841932929642
b3c1f2e7,0.17421627104309367
c6a8db21,0.22906425710861736
f2c137fd,0.9974179108853729
b61e8155,0.861002202945067
45b9ee35,0.07813343413330756
8fe9c49b,0.00495574601684494
b98ceb09,0.005837187649757003
70c4a435,0.6947516138137043
d953d111,0.48176321603289257
da7de86e,0.03827549313927195
519f8611,0.031069470872604747
75eefdc3,0.4068561134478241
62412092,0.997639166068588
de8ec010,0.5239808204384189
ee6121f8,0.9761723475573213
412b66e0,0.07927726974287838
7405c131,0.5515673073169601
efff4306,0.16321477035815643
5658d679,0.004693277843235992
617f88fc,0.029836950241085076
a120100b,0.03513676138030613
0971369e,0.9972104878846972
83f7fe7b,0.8921591272082304
12437da1,0.005243943165979854
8e7f96a5,0.2311838127390459
a08237de,0.0051494520447452315
a013bd6f,0.03719636238647451
c6fdd404,0.7037073214899754
317e2af4,0.6847891083914552
dd9878c0,0.3974042836625465
42e76a51,0.997639166068588
022f77e3,0.5827988477871647
cada3682,0.9910465209680591
53074f1f,0.03795684917959022
e6c19679,0.18256438538530748
dfb69b8b,0.20619272600780997
e1572941,0.04947486962771687
8d549cd2,0.04607253660427866
6913594d,0.9691007365258791
6e528fd6,0.1585568993331791
c8b037c7,0.004778590533077607
c3b6c880,0.11182165610356168
9684ac04,0.021833083222768078
6d974acc,0.9150264255400492
57b10462,0.631417020179876
b2373298,0.024279731554537328
8e946e10,0.8525533521202648
6acee7de,0.2407779980111629
8ad7cc2f,0.0037371607975360197
8e6e087e,0.5145043184427994
c3e46df5,0.019653475989299445
f6983f34,0.9961765154435641
8130a3aa,0.09677858399417857
0f11be03,0.038097272814662644
766073e1,0.07452418622303127
e67f6889,0.997639166068588
148a0930,0.016644078442724357
b333ff97,0.9672845190367726
1c148a28,0.036963604075760666
ee0b02d7,0.6366430962018693
fa1c5f6d,0.965048543279468
9b12ae1f,0.4080111713298833
3bb60b1b,0.6424996709998093
096e7594,0.3945142586765701
ac98996a,0.00522433078115983
1b7b9b9d,0.07454358235056333
61b2ac6f,0.9272425296500606
2bd414a8,0.6225852269888581
73d12826,0.022166085484977387
29f7ec33,0.002218030567165235
265f8aa8,0.9973693299226015
0d6be675,0.17505658942366076
a00ecdf6,0.8395501633622425
c414328a,0.14312863922247474
d47de87e,0.1608380929687398
376f984f,0.1393903897025524
12a35aa5,0.7330644412542433
8ecfd739,0.005390585928965446
2cbc30f4,0.916265978723696
aa4bdf31,0.08478464712417427
69d18f51,0.991488443545473
50cd4394,0.04396770298908355
bda732e1,0.8341968352763951
8e77e385,0.2198857827559332
49dfd51a,0.7205650262317598
b0a3e728,0.5151009962759662
518061ec,0.9786039403068795
bb306c8c,0.016644078442724357
1b2cf099,0.0637023049810049
e7c405e4,0.0028039239452014517
1fc79c9d,0.5767021759481542
3427cd60,0.9975905851058167
8fc604cd,0.9974456372542722
0981acfd,0.004707883488232799
512e9c5c,0.9032371478524542
ae9f2426,0.018809465951940843
a8cd44c8,0.9906886929866963
acac91c3,0.997639166068588
35988937,0.2755664762358988
2a2dd539,0.6559502109920163
3f971e0a,0.004302158621722724
7e09131c,0.9734405619924049
82726c59,0.9611274501431872
ec4c3dbd,0.9048507733868266
2a851255,0.022081547416546315
2cebdab4,0.9969037910078737
013b617b,0.2969504270504852
21a8603a,0.1316221571417543
fe2f2579,0.020805399820195473
df069a3d,0.20401943186749988
595f7f57,0.8564738970803901
081bdb0a,0.0036343822443841802
6f8e7b3a,0.11810017839196355
d1824fe1,0.0077192056570398685
3ddc6778,0.7308299671909615
57e4244d,0.22502448862213384
18e2e176,0.026184971510384274
7394cdbc,0.9842382002352791
19821b41,0.025394516314469352
12e9563c,0.9973554010907757
b96c9ed9,0.9965093323416461
096d9c1b,0.07803381061446064
97454a30,0.997639166068588
43b6c5d3,0.9541426724545629
2c58bcc5,0.006366453613021431
0c71dc02,0.1713483295345557
f7cd79b0,0.9759707972582555
922ec513,0.17012540501740925
561b6b2c,0.9935854445674274
32913f04,0.2875296570782001
77aad507,0.006620875276018836
d62d5a9c,0.23732091201826444
be70bb3d,0.9816580676858265
84920252,0.9939069450229425
b9623d93,0.16033078347511992
ba925eca,0.009447054751788846
181ecadf,0.45807932729385464
6fbcc9e2,0.0811682718613914
57d5b182,0.03203224801017383
d3013a36,0.03346053544981635
21cafb54,0.040551154559579666
d1a6cc74,0.018809465951940843
c4017d47,0.004021926330806546
22e05854,0.00365958192768375
7eb53ec8,0.9923582559163705
c77a806d,0.9970729367632718
c114c951,0.997639166068588
71495521,0.008420930154029876
98bb1260,0.008327361899470653
546ec108,0.7896989269429416
78f39102,0.03475841693148973
26b6379a,0.9928115766430293
8cb14c23,0.3299275020526754
75892ee1,0.36752033415728613
3d31d65f,0.18175034919802607
30784a7a,0.023022087585689528
efba2a23,0.9969037910078737
9fcb2c5a,0.028469815000668492
9910ee7e,0.1471553138448693
dc97b587,0.0654957566384971
7732ca72,0.07265996564390541
c4bac1f1,0.23770138068847446
a80ddf30,0.006606630332165198
fe79c536,0.149689980939798
84e34259,0.9975905851058167
7db3b563,0.3317009746720241
5e946e6e,0.6038939335639653
76881bf4,0.9634053387065384
7c606237,0.17769794423443583
7aa06d7d,0.9918330170679956
0d035cbc,0.1265555476203601
0838e69f,0.15296285624016853
f6715e39,0.9811288546596117
499004bb,0.03840950826941188
4cefc9ec,0.003630846547738432
ded95f0a,0.9972362077047517
073112c9,0.9136668623130824
96cb4df4,0.007050510942336543
0962de0b,0.9968544660051796
cea18b7b,0.9973166097315319
75463cb0,0.07127413166988561
4a59c201,0.8521732148469093
29d46646,0.1046045772985991
e6134ca4,0.5408819626026128
445ae936,0.9968642385529585
420d8dda,0.9974879616437127
bae1b5b1,0.14406644129842083
9f49327e,0.670016187192416
18b52f62,0.997639166068588
b02bb341,0.005317982635299947
e5be8689,0.023872247992921303
b5b85b95,0.19359411510950392
b94f72e3,0.10238952494645107
a79114fd,0.11629017436783322
502ffafa,0.997041298038712
b8e274d7,0.040627504873244916
e37f8f63,0.01913373548484775
c8a5c9d9,0.9142115867546105
d574bf84,0.24039075055315912
88bc1b71,0.9975905851058167
3261e3ee,0.9972679800188995
e65424cf,0.23732091201826444
706d2090,0.006807589054220274
94d4c49c,0.024108006648198815
51ba3d48,0.24973828469573536
fdd4c395,0.2012176783523884
12eed563,0.24501854409267015
f93627e8,0.9970729367632718
df51a7cd,0.26166788672188784
c84092af,0.031194778649552224
514a25a2,0.004778590533077607
5d421481,0.0638182655895079
d3859efd,0.9816904348563072
eb024725,0.003092143802942306
0d8537a5,0.016648754959501477
fe708ff7,0.9816470033701087
1790bbf0,0.2191913128952502
8a30487e,0.13939805678394893
70a01d16,0.1002972966915584
89bb7fca,0.8141348565827575
398c1300,0.0023337994790801164
41b43c73,0.03496801574685881
72d2839a,0.16335087371731152
beeb98cf,0.002643052973528282
c409f194,0.27554064211953544
0c654278,0.039687085281095304
fb155295,0.9906620881087476
103d1e1d,0.9974879616437127
6c755ff3,0.005562208283615965
3722a062,0.8160605132130433
90611922,0.9351550607649717
77b432f1,0.9973693299226015
ccf53246,0.997639166068588
4c52089f,0.5437961147100212
81e05676,0.04133583073090419
732c51d0,0.002552834190989255
b60c6094,0.45386073256638265
2e9db48a,0.984436420776059
68cdc732,0.7466517070778552
e1f9dbd9,0.024279731554537328
31fd12b9,0.07378131338133005
72bd3e45,0.9851134716927705
84e2f1ab,0.8818876257112992
b4b6d3d0,0.1644478852631132
874d507a,0.6841348633161015
44775bac,0.04924306816867342
83dfaf91,0.038956037334800665
a9a1cc1e,0.025394516314469352
227de452,0.03265446137698959
14519bcf,0.006651112699161685
970a9821,0.9839449482087271
e84230ac,0.019640637109677183
550e4ebc,0.06805370830281629
5e98d635,0.003195248256208623
667d386b,0.027151774663241868
503fefff,0.918743913534079
08bcb429,0.4465980105462629
90c293d2,0.040274858609858376
bbc84c36,0.3114825646845422
3facaac6,0.9828885271478642
e8d1bc63,0.13871146103365423
0ba50202,0.037502675495782636
9d947517,0.004302158621722724
e084ed8f,0.002190401432397596
7051b370,0.023501144610701553
910f551e,0.4531234572922358
8d238915,0.9005116735598262
e7238f30,0.0036343822443841802
a658f1ba,0.0037152754555642006
0b4e7093,0.07048133936039222
4d59af79,0.492486365626032
99a7b417,0.9966701348353357
e5798365,0.04079022508072542
078c699f,0.9857136572943386
b2cd6017,0.9088857469833218
89b3960f,0.047483767080878155
104d981d,0.9627181132657501
05e410e9,0.08750888490729815
44556da6,0.037555774059110196
207e5145,0.03281595168557449
390ddfc0,0.0064003040571991325
2e82728f,0.14646258588389557
4245d2cc,0.005656060106978335
d43a187c,0.9220880708725281
52b60236,0.10393559232991141
cc22996f,0.9083956292974932
bf08f16a,0.019653475989299445
47dea2c3,0.8376717136113674
22ac0bab,0.9768525759392016
49c670ad,0.018772983342059294
1040e727,0.01816122472447795
f39933c4,0.029830676334024336
30474ea4,0.9966938291526326
73978670,0.9841993031433832
527ad437,0.7788295922894899
78f83e41,0.6740245659218183
12921cf8,0.9551492999099451
b960192b,0.021891512772358502
9dfaf61b,0.004693277843235992
cec954d2,0.005762174094328893
00bb437f,0.116506842045395
06458d98,0.04387870399453759
37ba4455,0.38529779492547794
2feeeaf3,0.9974879616437127
06c83a48,0.15642629472852154
dfe4fd55,0.004527975710078255
0b7fb9da,0.00484755350917968
52d1ae5f,0.005250335240468259
0ef51267,0.27252708234755174
0d9822ce,0.9816412542958947
bcad7099,0.0077594417007037396
a26a7454,0.6120007857473873
93b7cc9d,0.9904506036736237
dcd0ddc6,0.40284777275966654
16655d5c,0.2972973058176129
2a6150ae,0.039132493667703654
601fa9bc,0.05756085496699044
3644a31b,0.030036704445186174
396254ec,0.24858392359258558
b01bf536,0.91910313412659
ff13313c,0.42754123152671664
18c308c7,0.027564339683802085
50b69cc6,0.005390585928965446
76bd6e6a,0.2781294527142532
74c587bb,0.13224468060179723
11b26a63,0.049680696594171056
bf2bc384,0.9782320770457229
075634d5,0.005656060106978335
7b1e388b,0.12217662817341564
8eb02fc2,0.1525239503059754
5b09ed4a,0.017367486054935533
371b935e,0.9972109167499372
7a1cbaab,0.0649660487295806
c5c72595,0.9974792235630631
c5ea95c0,0.5103627267146276
a5b61d35,0.16469284087969102
2c252c46,0.060328837122817745
7d8e52d9,0.06314974773158213
13fe65d5,0.7306672232033016
a3d2abc6,0.032285314511901544
9248daa9,0.8347698612652371
605470fc,0.6847786600672605
38717ccd,0.9870017780575877
1144cbd0,0.9971685399913406
6d32e09b,0.6415163538984001
89b138f7,0.0037371607975360197
a83f69a4,0.808887579108716
68b7f89d,0.9674871990474013
a0998397,0.05986849120877809
7e20006f,0.002344157367001496
93b12419,0.9669376177003357
475c5a35,0.03216882497446506
67f42c90,0.7632433160055179
45a114e0,0.012114493710639239
41a59ee9,0.8143671828050852
6c2c6a39,0.3834291279680308
9f840a7d,0.004707883488232799
2ad5ee96,0.1540103793227817
cb8b875e,0.9974792235630631
2283d088,0.006125823538341225
545f8210,0.005374220086114341
7eeed38a,0.9972109167499372
be77b9e7,0.004361783637019517
16ec40a3,0.6115297958208422
b7e74bcf,0.9415188202769498
8a36acfd,0.9968544660051796
d2e5b493,0.9970729367632718
bd88797b,0.004302158621722724
78566a26,0.02020312852510827
32449528,0.013973308033806397
5f6ffdad,0.6952701350924333
38bdc33c,0.150172384183483
f88a9ed3,0.16499191161174773
c1fe2103,0.006565091781203515
63f7ddd9,0.004415762132436213
97e123d2,0.20883645516995902
7d078228,0.7782462448017924
6b43e60f,0.9972959064174354
e07665a4,0.9564875204674038
4da0c147,0.02883640544020572
1d2474a1,0.7843450885499388
f39a3050,0.007997729197796915
aaeb3f89,0.014399380773889667
daa3d1e9,0.8678323157862102
23cad3ed,0.9973693299226015
dc8fd92d,0.9904356055913954
994a2787,0.02248056222181517
5009ce8c,0.9975905851058167
95ba90c7,0.005310810062330426
bb176f20,0.018809465951940843
57ccd603,0.1081998474914653
c3767f5b,0.9933974173875268
076492b4,0.022987782370750418
68864007,0.5530637613539644
fb124dd7,0.5376322683171139
c59fbfc0,0.00846254437798078
ddce9f51,0.006730906366881159
c459dbf6,0.5756424835439733
1a39b44e,0.583860605318353
a31f8519,0.0637023049810049
29ff4d55,0.19230749208977618
c0a87a44,0.9112526318966448
aa07ea34,0.005078080491781991
ed7b77f3,0.9975905851058167
ccb10918,0.6659390400909644
aba1f2cc,0.004635551720425202
0c4b7ce6,0.0423376095227704
26a29fae,0.002218758279336169
6a1a9b91,0.9878378874068993
fda0d9b3,0.039068184789924715
2f7da2f9,0.9969214835005138
948317c5,0.017225527768059808
df315de0,0.09118234033530778
51762e5e,0.013351560050533182
9be1f9d4,0.149689980939798
b20f16ca,0.07536984342573903
24f677ab,0.03986679372126615
19d36f67,0.020351128091441628
db098e36,0.028729240399754746
3ab323b5,0.04576119420644152
db204654,0.11447628623237602
f0b7c362,0.38257654362089916
9c36083a,0.7890315526164882
00247e48,0.9973101221080064
99064331,0.10405991516748807
fb023b97,0.06797832809582614
834a13a2,0.007012074645077572
b4fb7c3b,0.014161955688802977
cccc91e5,0.07364054570246184
e777f5c4,0.004356137117139419
8a367850,0.006366453613021431
01aee49b,0.9975905851058167
09a3f3cb,0.125558824921045
b7837a99,0.9974456372542722
0e5c18fe,0.023344887965469664
433d92a6,0.005648229201574134
d8c1c90e,0.024279731554537328
5cf350ea,0.424299008238824
9e6adfeb,0.0034155657203295145
398c373b,0.00692709383065814
8e1cb96b,0.9891496268629693
c0ab7de5,0.353210310062874
b7519f43,0.9912376959651994
54d7929f,0.005078080491781991
222a4407,0.16727532324936636
4cd8d439,0.029670433996951594
ac31d9e4,0.5911991448298076
0c51475f,0.08317591603020348
926b4b5d,0.9973693299226015
3072aeb4,0.9245731005013724
5508aabc,0.013697319865809441
7ff080c1,0.9969969737795508
c8137158,0.2325544270210444
73f4c54a,0.020455737455956736
0ab19c8d,0.6154784607979196
57c090c7,0.2561106191309241
b3f4d7c8,0.9817024113342029
d4a81cf9,0.23732091201826444
497c4ff8,0.5020428598607818
8949311b,0.9974792235630631
d4f17d1d,0.044547159179387605
cbd015d6,0.022987782370750418
4ff7d773,0.6291788620022721
5950d2f6,0.022329656032417322
f0b4c564,0.5097982986278795
4727e088,0.9612460250182385
2c9b195c,0.7184175687212392
04c441b0,0.9919183721417889
9f1e2246,0.11815671338844373
3bf56119,0.05243092684057669
385033f6,0.4975384673655608
1e14e9eb,0.18342270388020082
4ec14d05,0.014296842514624894
d16ffa50,0.38059700029935845
6f2147d7,0.007414969477069569
13540275,0.9974456372542722
280aaa6c,0.17484474486417872
63d6fcf6,0.5660965683857853
e1130afc,0.06230591661433173
8915b349,0.9939838327663818
02cb6179,0.9975905851058167
816084ef,0.05721684753326957
e83e27ef,0.6476814855653148
9928b6cb,0.028729240399754746
398c44d5,0.5390777394265587
4e9944c8,0.6120715601371027
ade738c7,0.007979869016171835
df106f1f,0.17246910093533052
707c42f2,0.007831029527188308
c7d6c968,0.12031477051322179
2f62a2d3,0.005390585928965446
58a62136,0.07664155758561628
8e16308d,0.0025022378961668717
10d97d10,0.07777833911031279
862a2dd5,0.9818541582702277
45d7cd09,0.02064100314018442
daef67d6,0.9970993672897329
40b9f916,0.0024520207644911857
c17dc729,0.9969314905668079
d008e04f,0.9915998570041202
a5a6fe15,0.21460302389839764
e9ce7834,0.002218758279336169
518a5aeb,0.9972362077047517
fd6e49ab,0.9787932570058031
35ef2d54,0.3157681632317537
be1f3e73,0.9973444873802068
013825b7,0.6641834582251953
c48b752b,0.08652661523124584
a0f39ace,0.48218411116659815
800aff52,0.8296679381775285
e0eb259a,0.9947274920043352
404bdcc5,0.7480662097534235
9be770cc,0.1145035763566588
e002bdfa,0.021020527329962874
511f8764,0.2174359093308186
d41e40d8,0.129055116495069
ff846aa6,0.9831975033854207
c261a419,0.06748685116374054
c3358fec,0.20674829496587024
62972972,0.05783418786607375
3f15e6a3,0.016644078442724357
f239dd72,0.016141750336691206
e9d815ef,0.977793176680585
568085b5,0.004778590533077607
80708782,0.8443734666003936
a578b01b,0.9550511442934992
04b81012,0.05821177370747917
3fbd3a3e,0.007332818697168217
536bc047,0.9969187329542247
6905e82d,0.6648129137187877
352b0ab0,0.24858392359258558
205506f4,0.03846475865811534
b4075da1,0.02101892417945596
0132c59d,0.51615679012411
5c471255,0.2954142361686024
b9ee0383,0.9973925675614023
aee38fe1,0.0637023049810049
93eda776,0.09186522993654185
d65ee363,0.38378358989955075
7e6785d9,0.01237550210824431
c006cf82,0.20571501473107018
197f9050,0.9974079842858738
efce51fc,0.02207243482501536
d8dd1b33,0.008626274846591338
ca5bae71,0.770900115642501
66eba58c,0.9927570889228378
e080fee1,0.013910000308780415
9626a2b5,0.4213819776048819
c0298b7d,0.9804399063155824
80f17a8d,0.002344157367001496
fefe71e5,0.11629017436783322
92a45990,0.25750423096320035
8e922071,0.352564846234033
d5952199,0.006129425264565391
3c56cf59,0.06459097224134965
5b677f30,0.997639166068588
70986e85,0.9858778899550524
ee110bda,0.0399481001236444
e7b4d317,0.531125582574651
f59f29f5,0.2573675878676781
3d1e179e,0.8813500484626993
4e9c76d9,0.8702393733714567
5b5d407e,0.00794723979993293
bb4d8184,0.9091682281913422
5f5ad493,0.8952742966031547
a304ae2e,0.002344157367001496
ac337f79,0.4818795001263217
e00e495a,0.03080665546300071
71477bcf,0.8857992627654866
22ed2916,0.1324098312509807
05fdb1ce,0.004302158621722724
4c5e56dd,0.022329656032417322
fab2df1f,0.0023337994790801164
afe6a1d1,0.1995541630514676
fa03ba13,0.11876720545971456
663dd2bf,0.759043747742207
5d3aa488,0.02801182782261183
11d63814,0.019653475989299445
11ac5623,0.6639181671939657
dd28b028,0.007124253433460204
bf244975,0.06970855181696405
6a2fe659,0.1702935770215988
bd689e7a,0.7371137655805756
a7b21484,0.06685365542569867
06626706,0.005662750673212116
2fcb2613,0.02879073461146432
1ee7f506,0.2010971980172762
c462096f,0.03402966416027467
59b91711,0.31201528761823244
148ad313,0.4952292572077749
a04c148d,0.04598845196683331
142d14f3,0.99739353384475
0dccef06,0.2941411513404034
bf9dea3e,0.9832007519784117
121ec728,0.02157421065649242
25ea1800,0.17659474306077905
024bed49,0.019653475989299445
771a9bc9,0.8013981875236796
8b2562e0,0.9278507083259516
fefe0db6,0.0035671539743857895
a6cc8fa1,0.9940974575561217
fe33ce5b,0.42194984264543667
c11a6fd5,0.9972108643807811
69152132,0.13224468060179723
dd54beb5,0.9974179108853729
46d8944e,0.20408876944408796
f278cc6a,0.6648874048234942
9cba91e4,0.5178535740199778
37e80ad8,0.0026746164949954
6247d06a,0.3317471884086455
0bb564ea,0.34427256574711024
f8802638,0.10106645298343489
cb77c1d4,0.2458225103371241
edcad79c,0.08089610247563321
ade84952,0.0578548861780136
e9a4a8f7,0.03645777145852021
8c3c9c0b,0.11629017436783322
c105af7a,0.3860146016199843
64a96816,0.19500041107322644
d435722b,0.002339362688836728
f8c2c17d,0.8090915956206128
30b0c5a1,0.627381932208108
a241eee2,0.9811288546596117
577af3a1,0.9169810034182901
b1e49a9f,0.5054147998045362
49eff60f,0.11846003323542109
171ffc36,0.16304921762898045
2dbb2931,0.9967348098931577
851f9ad8,0.005762174094328893
ef787241,0.13347057088669556
3ed46d9b,0.9672008752307383
61a96458,0.983261918285314
a0eb8b65,0.6125487635064326
8058e7e7,0.665288173413358
5d0969c3,0.8535152106515828
06dc5d13,0.9975905851058167
614d8fdf,0.026468262549150107
068ace8d,0.9937144579116641
55bd7491,0.03805573130599578
59db8d78,0.4971207496721563
ee9ba395,0.8246135138033222
3833c332,0.005656060106978335
f9c56480,0.1844160066725288
35041821,0.1369085645880906
67426d52,0.7235724727217134
f2eba496,0.0047944494783208015
cfc6b272,0.955426282945958
be6e6157,0.8339739527597956
060762c6,0.02770446602958605
28e5c819,0.11603662172666629
165b73a3,0.8621295878541175
1a16ebf2,0.039610442846632024
c76353ea,0.9757698812702762
c56aab52,0.8397048556273067
19ba105e,0.0464176919328261
4ccf1d67,0.023950521374076224
d3f00ca5,0.005028633330435598
dc366696,0.9505118787474149
11ddfec4,0.9654939205270029
71036847,0.002344157367001496
9108a260,0.024350187885585985
812d2c7d,0.028628118605504
601d54b4,0.030035528743413437
2a21ddce,0.9939602242336664
e03f632f,0.0044234661797814
27c1c4f4,0.010644234581207413
9929fc67,0.07393433781521544
cc5b496e,0.005577655976687377
9ec5c0b5,0.005255395564029255
5fa292a8,0.679850524974074
d0e35d53,0.9519495883665258
cfc89ddf,0.6582477446444935
fd3916f4,0.9975905851058167
019ab715,0.021879642274893925
d0a7830b,0.2522377598516514
2e1acd63,0.924664039637799
c5810152,0.9480856624412747
8dae1e77,0.032784275325971945
afe44c59,0.5306847434192634
ac640b5a,0.3352000753410332
5c47f5bc,0.021951943141794723
2e5e1053,0.0037371607975360197
e30d5450,0.05595699674930192
0de92cf0,0.054994984830771185
e97daf2c,0.14024524784081951
5bcc2bf5,0.002218758279336169
d347d81e,0.0903446301881408
2799f5cd,0.2779248766497872
ce4b96f7,0.007050510942336543
a6365299,0.9138978172159019
6eb86fb2,0.5483440929582641
d1384eb4,0.15136677938744728
66c3ab6a,0.4205486935410632
9be981c9,0.9923501565038961
e5fc3dd4,0.24464123281634337
fd3f01fc,0.9971938833153111
5fbb0aa0,0.9972679800188995
6968f510,0.9738552070440996
7509aad8,0.9969037910078737
9cf9c8ce,0.03969333313063901
157c589d,0.02504511170362813
fcc51d2f,0.6386184871571696
6852ee69,0.2826953112169346
8a388b27,0.07044630997335882
e3b1fdd6,0.9672845190367726
1d644f91,0.14512150040845304
893a7d79,0.9672555562577939
9ef2d53f,0.7578984756876475
eaea1243,0.0573931466448143
2d210670,0.0023337994790801164
b04329c3,0.23784443794003735
1d88e97d,0.9967941017881149
e5c8ae65,0.03529231002572233
841810cd,0.009614095214394621
187a1e4b,0.8851904883120625
24f8bc83,0.3341219969162987
071678c5,0.23751545982126862
3121517d,0.9880145753406696
62db6263,0.005250335240468259
4b6fe0a5,0.2040988856686718
016588cd,0.9900748765119938
e47db8cd,0.17726085059810864
6009575c,0.007426708365676428
59d093d3,0.9347131669393061
b3edce17,0.024279731554537328
77cb2808,0.03164261357666158
b318189f,0.933877392907951
eb804bc3,0.05253775408316835
27af98c1,0.5774863256230853
75bbd171,0.041804360409518834
26a7450a,0.8016725893399261
9f96c645,0.004302158621722724
f295285a,0.4386142909666305
1861ae59,0.009812863705184607
320e2661,0.0038024539335298237
48b64c84,0.0770974842679378
596115ad,0.9080299872716721
24c5d2ad,0.697011337347923
513481e4,0.9972109167499372
679ca3d6,0.06151045534500693
550511fc,0.9969314905668079
33ad621e,0.9831501228286335
a7cd4c8b,0.04210351880224754
942ce002,0.6113707186351833
4a33d600,0.4392674484664084
52512da4,0.03709365445232389
199d9dd5,0.0023337994790801164
910c7a11,0.2834531832485058
2dc4b47e,0.0041421724646621555
067c0baa,0.17358960084416816
66ec0485,0.005656060106978335
93e203f1,0.9975905851058167
1eae71e0,0.2013677576214139
9a320603,0.004356137117139419
97c75edc,0.9938893935145703
e3a3993c,0.7991190532108027
03647606,0.9965659529234332
b5758e75,0.2570522594538792
cb341897,0.042862114132026605
80a1d2ad,0.17591898711185394
f2afc45e,0.054135643587505576
e2e037d3,0.005329361929487165
d8513bb1,0.99739353384475
2bb05740,0.9975905851058167
568eee1e,0.13659787004150373
48073219,0.7830169860062167
52770a14,0.02077883031661013
bb78aa77,0.03470332837076208
d2041d74,0.9908659343999412
0c650b7b,0.4958101073018307
3ed634b4,0.997049843776842
4e7ef4d3,0.004430017918530868
dc676914,0.005934428843015161
9ef182ba,0.9834449977675487
19456254,0.07528970649989021
45c7e999,0.9906938771901295
1e5f187e,0.20507127050420754
8372c5dc,0.93761378138378
0a113574,0.02651112982226257
22ac144f,0.16573249322231298
82a0baaa,0.8666845646482454
fb9c0a38,0.997639166068588
586d1724,0.07288780380430573
42491e8b,0.183730279080071
32d8d667,0.024546554216776813
2d658824,0.9973693299226015
79e58200,0.23991305726131795
50e426df,0.05407856020159035
71d908c0,0.01596433303013006
1f275072,0.08117468187834487
a1bb2901,0.37638340884346055
6c99ed0b,0.6158184504961535
d8216f4c,0.3569611997863602
ebb34ef7,0.0025022378961668717
0a71e0d1,0.04543910361897474
3bebe07a,0.9970646949318045
0de67b1a,0.48357768290018444
7409fd1a,0.030511483335266314
1e27c8fd,0.00784457480373699
65cfde78,0.366032141997389
ab7841b4,0.225916702672172
f5064f4e,0.116506842045395
57457484,0.9969037910078737
5492eb34,0.0056207793124237425
78dfcd52,0.005407104686549687
7dcfa04d,0.06593750340666214
0f7ccad8,0.2736050331433642
730b2296,0.2179379883536964
c1f05b03,0.08964385920880438
265ced3a,0.04018223710452531
92f976d4,0.9940739213007538
2ac16805,0.011537906648539842
b2de0386,0.5257126474774301
898f0d27,0.7149236700020136
b6d290df,0.04504938635925976
64bc67c4,0.1702935770215988
e54ee68e,0.005398441994493128
5f14e447,0.006860257007631413
9c736f77,0.07923031490097977
328fd096,0.6899647421672058
e8e9dfc3,0.054733907888310826
a3a85eeb,0.040627504873244916
d4b96d3f,0.6794409463966102
bb255043,0.25314162122568423
8696136a,0.9893296726177855
be23ea08,0.2981873964005294
777d00a2,0.17133420478795441
bc8d3476,0.23686565789777747
f6f8857d,0.07581975830485141
c57f13ef,0.018110241237866663
7aa6b7a3,0.7241464086404925
512c569c,0.9839449482087271
48b1c243,0.004372865666567532
75ff94ee,0.002218758279336169
c60f051c,0.014604483525135593
032b1bda,0.043419000646075234
77531032,0.19517255100614295
06210232,0.03621687976003489
d7418c1f,0.07269797330480088
e2e957ba,0.9371227913061169
566b0a76,0.14558407536040918
7c6691b5,0.005329361929487165
990a0ecd,0.006552873297804508
16914cc9,0.011486303788634746
e78a6709,0.9754766322858245
98aa34a8,0.30502828171958746
1908cc60,0.7479506830949674
81946709,0.005648229201574134
2fd07377,0.0958436076859314
d5c0e0d7,0.1920120135703366
58ec0c92,0.9969314905668079
3aeb362f,0.8250340845626974
147d59ab,0.17907484979852412
e0829262,0.13571004570455975
8b86d83e,0.1499721994204522
9a350af0,0.0830858581185803
aba1b542,0.026919580165867575
b0112ad5,0.0069875686525203064
4ea094c0,0.03496801574685881
74964450,0.03165309202353001
e4a06bc9,0.006490827835077008
245ef22c,0.0669896870778661
828460e1,0.07242097261277487
fcbdad05,0.0025022378961668717
50ff69e1,0.2925466817597274
28cf2057,0.5855657457180639
8ede8c69,0.15817502337511297
323458ef,0.8218932881865975
3c002c59,0.403331454891832
24e5b88f,0.9967419503998307
a09d9139,0.997639166068588
d0b1be68,0.7843450885499388
bcd22f87,0.3412227133527789
f90b1c41,0.0637023049810049
f14f533a,0.060352465770808814
acfaa4ff,0.03937148320927658
78e7617b,0.028469078424354817
febe6575,0.005562208283615965
5cd96fb8,0.618801518489057
88027f9c,0.06397915625793
388dd3bb,0.0316579419723716
8e6cf4d3,0.9974879616437127
0b2daf85,0.019653475989299445
63f51c56,0.8505783385514072
5b6305ad,0.36233109251511564
241c50cb,0.0228996578365475
495a6ed2,0.004661390364582748
b04bf998,0.021386450315604464
c55e7096,0.012011424598098489
2c9d1b48,0.0057718662118923
e20a003b,0.12389197154709661
33725817,0.9972557668674664
fe05fc09,0.49710422006027893
b9022c8f,0.5275166406419208
b5abb620,0.003195248256208623
e62b3eb0,0.14789868200220577
95812205,0.4956866658326483
209f8e41,0.006709352971068472
9bb3cd44,0.32830955906306886
86bf6810,0.19859844179252353
919cb6af,0.5182365721304569
8cabc104,0.9926186669819168
ca5fec7b,0.003627590510895975
01e7f145,0.7489651886157589
d2826f8e,0.44880151581553057
e584f028,0.20667103704402096
4bdcb525,0.9815688504918489
6b2bc3e9,0.7791159697613164
7a523e74,0.006740562710714185
1c3a420c,0.8927981456820943
8b383772,0.07701699223150302
c420c42d,0.020703233573441965
f0326766,0.19279668662908267
d67ae313,0.03709365445232389
7a00e52a,0.11994328470780255
fd60ce30,0.9974681981003025
d0de0afb,0.4740740483788505
5dab3243,0.9970729367632718
e82b326f,0.0356549763770121
96ca682f,0.030890727951107866
e7ba2cd2,0.2834829441783609
47f2fbed,0.006627617960138915
faac6b8d,0.08999808442149239
2eb785f3,0.7797679455420825
95f440be,0.03370085382783357
e735e243,0.9823199794630085
bd83f233,0.0870424599099805
e2315156,0.8314629910288993
07945467,0.002218758279336169
256daf6a,0.05292744780368136
70801a8b,0.005329361929487165
518578cb,0.019774373449343484
5e630a80,0.8841361052650216
b2df2187,0.9139057987026
ff32d7dd,0.9788075835128334
5144d458,0.005250335240468259
f9f973c1,0.034690919221859344
ac65b2c5,0.9964760663507217
e5cece41,0.015850339518685697
cc9ca990,0.3416424815058276
2b771726,0.2431697589259895
fcea895a,0.028729240399754746
fd477a03,0.632288905716543
4aa26de8,0.021879642274893925
9a842704,0.9921680588036457
b1bb19c4,0.028165992378501446
fc46a862,0.06797832809582614
e43d659f,0.6573244049551323
f344be4c,0.002190401432397596
31671342,0.05336830615968604
4d67ed4e,0.22381437288529193
1dd1c8e2,0.36375302093637557
ab08e37e,0.9101481959589235
c2924cd3,0.03714346333555633
fde48cdb,0.007786370601840757
3c7c170d,0.9635496450048697
ebeedf33,0.7004400031516413
6235d8b4,0.9873458085037606
73a8162b,0.9058306861635081
b37e2349,0.046176984623226815
0dbc58b1,0.10269507825469633
14741b3d,0.25305555890301556
fe1f82c2,0.9974879616437127
9a75c053,0.9488333385428944
581d8a32,0.034454254525515364
eedeabd8,0.9835698327094973
2208fecd,0.005755649060987067
b68c71e6,0.04000636947838529
dea2cdb7,0.01678625178687501
ff3401e1,0.002218758279336169
5ccfa32c,0.030521044762338655
15370256,0.005250335240468259
d81a82c6,0.07618481456092888
c78671c6,0.3260088220972621
7fbf3fc8,0.09355792836619614
de8159e7,0.0444978509046489
efcca249,0.005250335240468259
c3cdfd7c,0.09195273379259092
1fbae11c,0.903172151721534
a78197b9,0.7454791125167144
9510487f,0.006490827835077008
11f770cd,0.9178260676177187
d2401c84,0.019699249553044616
781d4a78,0.9930922461060314
236f4be5,0.12526171019910598
df56ab4b,0.9390869079785255
ea825acf,0.0565538147814203
cf992e29,0.005538004247698198
66750962,0.0315700450534922
fa423857,0.032133044748848025
d6889deb,0.5057343045246391
e62ff090,0.0077192056570398685
47acfd80,0.034343829442273474
b9f5efc5,0.007181466642830839
1a2a1f7f,0.01937218660978742
e8067065,0.37638340884346055
db61755b,0.5145576068745742
c97e4c01,0.997015874757827
02538d0d,0.4873979244741323
9930fe8b,0.67197840296162
1e053314,0.997639166068588
247e0650,0.00909035960498631
a4eb05bf,0.023501144610701553
66ea133d,0.007391566380278486
3220362c,0.027892665061051092
67162075,0.020870947914960986
5af75025,0.020290686166445686
5dd87bb9,0.12061878280478795
010dc181,0.7583673539492101
40dbd0a9,0.7658341058948697
0c10fd9e,0.9618617912919403
39c38975,0.03328793365646137
20f60e12,0.11629017436783322
4fb6e67f,0.3726055517805971
d7d3e9fa,0.30403007527162457
787d0e9a,0.006415082057001205
7d92a013,0.01838002239001426
65f79253,0.997639166068588
a20dfd11,0.2814913456711331
c04f50a0,0.5748815295720464
a007e147,0.997639166068588
80e35877,0.8605942415859007
e3631e6a,0.12007496332036136
684fd7ec,0.6660200333543955
9dbdb2b8,0.22841847463909315
1768e4bb,0.9060363190678402
d84884d6,0.9310971736206977
838a14ae,0.045538956042457474
6e007f95,0.9799260891433843
6e0c3725,0.9155362400671855
d4c5252a,0.0916819691410872
209cba64,0.9681958870096082
1df44a05,0.9080299872716721
d925c0cc,0.4825465000022361
85981d62,0.0023337994790801164
18b93e7f,0.03496801574685881
4936bb64,0.9817693907019841
d57686b7,0.007503076371013213
0d6d23b5,0.997639166068588
3859bfa4,0.9973925675614023
2cfddca9,0.8321278320908656
32eebbf8,0.9901277607792067
79c40371,0.5568150116608285
f7f432f6,0.024350187885585985
d50e3a56,0.044688063850055165
b63bbdee,0.6264435129434924
de327375,0.17178317628418502
43a0d395,0.07856116307886293
db465006,0.46309687004461086
44809656,0.33760691470637344
3c72f288,0.9966488325303361
3f449132,0.9969037910078737
ec5d4a58,0.3642219024955892
49d62856,0.9928638377193663
b80fb15c,0.02247078393178649
368e304e,0.9908166748718056
f19bdd74,0.03865775042109086
b55e823c,0.029519419349368258
89dd11b9,0.0211919364213339
4286352d,0.002190401432397596
4b10a9dc,0.11175836877529473
3bdbb13c,0.005329361929487165
7e9f355f,0.019273974606016826
f420301b,0.25110849272139874
4e3c03ff,0.02279977063030828
3227e0ba,0.6321875282350156
d12d7771,0.008187467227046889
6616970c,0.9917826976579492
186ea788,0.926446616551328
42867a33,0.99739353384475
7ed03e02,0.6435913966661643
f24ce309,0.0023337994790801164
18d7021a,0.004294075501412769
9a18807f,0.007997729197796915
a94b079b,0.24610123139744236
255c4f02,0.005494695545399266
93ba10ba,0.9973130767013352
95567789,0.19627726346382723
bb09a45b,0.005243943165979854
a972a7db,0.034181899733560075
2bd5da67,0.524842584996952
7a43c51d,0.16499633173691391
29adcf10,0.0069785445093125354
6742855f,0.021951943141794723
d20e49b2,0.03355368411160089
9f81771e,0.01709342592997868
de27fefb,0.08873020157649172
d18f6f0e,0.0529169913529709
69973737,0.0063149157341758026
76509472,0.13278147977563845
57157f35,0.02246208581906472
72f5cc06,0.9621234306865233
19982389,0.07302990918581535
4ed21d3b,0.997639166068588
5a0ca890,0.05198207593674533
65ea29c4,0.005544744868893603
b4f11fb6,0.9971938833153111
8836e0c8,0.13555367424331605
30456db6,0.23595764000629577
19174e69,0.6743510495942198
8baa045a,0.9120874147056484
bfc86919,0.02396565443217949
2f93bac6,0.023628298912188147
c44960f2,0.23885516361614206
b660e80e,0.021879642274893925
76411374,0.41007752206079273
839bbcfe,0.9899902386589222
bc8c483e,0.002218758279336169
d9577013,0.014810014402534058
b47fc3d2,0.9835932510337333
a57ef2a1,0.9555294370683853
d6908d52,0.1770164001413292
99814ee7,0.26933636922666926
0b6c4509,0.8704709834540008
095f1797,0.06098043817581085
7dd828c0,0.5116764931430088
764b4e82,0.004430017918530868
91ef8a0c,0.006244973442552827
a91ee052,0.0058436130923941645
a01318ab,0.9804335157680912
325ad084,0.3333548444832194
2ceb258a,0.35892399677150105
a969eea6,0.019653475989299445
1a538ed3,0.16150044325243298
65e14f46,0.9806811082974655
77c165c3,0.024279731554537328
14c60c1d,0.9970729367632718
630360e8,0.9967941017881149
8d7026fa,0.04931743392490298
13964a63,0.9873458085037606
d0155b0f,0.002218758279336169
46afff48,0.9540139303608794
4868f534,0.9941485611171815
26743a5c,0.8798061457432853
ad50aaf3,0.005961799865037479
89cc4fce,0.07543594993766879
715785e6,0.6093341195536668
3d28a858,0.1847116902978759
ba36851a,0.5789220476811786
51ecc6ab,0.8602315678037659
b1ec4727,0.89075067180828
040c5d78,0.024203068277030577
a8a77c55,0.9551860707116975
32f51fe6,0.002218758279336169
8ef7a06b,0.12907852450574603
838fafac,0.025596777837021113
7d0b89b1,0.1121233541560405
7d9636c4,0.09579541109058305
8d37529b,0.012930557018662966
5fd612ad,0.15567706977740423
323ca98d,0.19901952719833124
842d7d88,0.9969037910078737
c7529197,0.9166225409640134
3235b7ca,0.09693499557785243
2436a25b,0.8343179613350642
e6d8d670,0.00271253829906209
1c5a5a1f,0.05074252385164957
1c1d6c80,0.9965093323416461
9579aa49,0.21949737008894896
aeb95ac9,0.9822428142333652
db172beb,0.19524049682343098
ae2a516d,0.022737476050403514
63e579b1,0.3642219024955892
a49b42ff,0.043360953092862524
99fb914f,0.9974456372542722
d86b48d1,0.36999530484065507
6bca064a,0.99739353384475
d3bc5515,0.9939838327663818
ded30e1d,0.04840496545284658
d88e4b44,0.07014182543769779
6f688a3c,0.46660767919394563
a98dcb63,0.0578548861780136
6d9d1eca,0.07086019130520171
51924408,0.008741364030646797
a8f910bb,0.9967630009123157
7f12814f,0.9812643054871861
cdcdc401,0.24774976071778973
5dea100e,0.43755104849704846
04738deb,0.006709352971068472
e4064b10,0.012833168580151382
c84df9ea,0.9517360743743806
ba8130e2,0.005656060106978335
7535f0cd,0.3144749436263116
c915f66c,0.3766215167141584
f0c360e7,0.002218030567165235
fed2396a,0.11967325642914442
5d58a277,0.03390489673136663
21279402,0.9967941017881149
873d8adc,0.9584424670127218
2fb68d77,0.37772587207510216
8fb1a67b,0.032350354130874184
fe8c6150,0.029177092598879246
c00db5d4,0.9642795322705515
2e3a38d3,0.9974456372542722
38464042,0.49608341586693677
58d4e224,0.003786626371662512
a7bfbc2a,0.03298591966053897
9cdcf947,0.7653494335601037
6c610fd4,0.9642792264945486
50fd58f2,0.06020548591728214
b093a813,0.6690015795497565
28f4e51e,0.004382475342358415
2d01ecdc,0.9447933496676282
290992c4,0.997639166068588
e0f83a9b,0.012825198405657073
7cdbe05e,0.8879961865593227
2a33464b,0.8529322669524635
84521f2c,0.9006009488184334
a1d7e535,0.006366453613021431
f77a2b74,0.20112437509403264
f2c5216a,0.939080815841382
b516302a,0.13347057088669556
564266ec,0.9699765783216764
56d23ee0,0.8005011029898699
8c9971b5,0.12661651321362527
fe75e357,0.5880659464487732
cfab3237,0.002958906379692438
f7258c56,0.3917329980794197
e79cb5cf,0.18343140279739606
efbb58a0,0.6998284724859143
ff8d6575,0.43688404353822297
cf6d0221,0.03483809271185788
b057a3cf,0.9536519724718853
d7aa3d66,0.9975905851058167
db1b3f2d,0.07087805230678147
9cfd7cd3,0.1779042305037635
0dc59065,0.13918533151456236
f2742949,0.9974456372542722
cfa8905d,0.06476952946623304
6bc7bb68,0.9928737882178751
df228195,0.8191529433556198
92b3fd07,0.08695676058974736
99181903,0.19292335599215643
17b47421,0.03366922842479618
54c58af0,0.037818846413220794
c533141a,0.0032988484363546374
3a89f639,0.002958906379692438
2b9438cd,0.016644078442724357
de0fc4ea,0.8351242171697786
d0b4812d,0.734337597419126
5ab3daa8,0.02496861120401727
3a205fb9,0.9970729367632718
81d06d13,0.5476992740074044
5b155890,0.03714077143882777
b7332f47,0.6029215170581598
13a49895,0.9973693299226015
a9dcaf7e,0.1781698912814683
daccb199,0.2467531752613104
0a31aaec,0.8945221883572622
effc32ab,0.9606565403044943
b9b1d1ae,0.7013293434703101
837567b0,0.03998748035084362
76364052,0.9974879616437127
614324a1,0.9975905851058167
3b20239f,0.7033174681974408
49054d2e,0.021891512772358502
59eea5d5,0.6695931305927889
eaa8408c,0.8408004740457853
3b3369f8,0.9528886836076216
06f7cf48,0.0037371607975360197
99cae923,0.006490827835077008
c2b732c8,0.7739271077491632
5652b0eb,0.997639166068588
033f2509,0.9171012461730209
d32b7520,0.03635632363385117
86bfefc7,0.05519071626348536
3279d1d5,0.9972109167499372
22221e9d,0.6312218889330387
9bdc1896,0.9162454059757682
49fa8e72,0.9774370736388176
d911954a,0.05168148235521471
16fcc6f5,0.07233190068443048
b5e8f248,0.3334770129056831
10f410ba,0.9974879616437127
fb702ee7,0.20010895988734334
a162448e,0.022987782370750418
2e757023,0.5983308275480876
877bcc05,0.4410493079063519
0dfcd873,0.9969646135413026
c4e06675,0.03181917678398642
a1c03878,0.060934681709159465
d187d757,0.06975858182218761
967875e8,0.017935524323815552
7fe478cb,0.2604524787626369
d43aa540,0.0027152517702175153
964acdef,0.1851832402783556
d7ecc1b7,0.9971685399913406
a5b32893,0.24135998108020917
5b68a817,0.3200065439669124
8f374224,0.6537209843290953
8deced1c,0.09689537102530948
c5959db1,0.6613945338871329
d3c61d2b,0.005851111881400293
f4cb6420,0.815229471343726
18b8670f,0.006533750942251207
777d03d6,0.9972959064174354
57b18759,0.7204213330379722
4843496a,0.08471707846974988
6156c963,0.7873262238609169
73165630,0.679850524974074
53c49cf8,0.6466431588153068
1f2e9806,0.006415082057001205
5addc113,0.6445231198202621
35d2fbc5,0.02499165415198638
3a451e5b,0.04064093894467319
59b9eb6e,0.1144673751936138
f8669a86,0.5270505165491238
fa3ff835,0.19865075921178416
6e7e427b,0.6657807462638159
8b05e1a1,0.9358386258781058
ad3727d3,0.053772793018819445
8965e560,0.9518128195807355
821e0c31,0.003092143802942306
2b33b417,0.679850524974074
acc4dd50,0.8586827327011296
4a0a5cd5,0.6551517131591903
21aa40fc,0.8786783824640259
1d91bf6e,0.9967860711096821
923910f8,0.0034681332231188667
54c012c3,0.24289211850247297
00d366d6,0.03454510280907409
278627ff,0.17694673778169717
1372a58e,0.003246280933565285
4b4247a5,0.8625413379259894
0c496d3a,0.99739353384475
d6774ba7,0.0032988484363546374
814bc35f,0.1469773582455188
36497217,0.004347587615434037
c9a9bb5b,0.021879642274893925
ac07e085,0.07016923693550348
f806ebf1,0.9326692807952368
bd9dd604,0.026659807140678865
3679bbf9,0.1880742408910563
db1343a0,0.047617407746390124
679dd63b,0.09518757935041659
43eebf55,0.10346484723830054
74e2d160,0.9974456372542722
e09bc632,0.9756971253945436
1b2227be,0.2038738570088646
989685c7,0.6284848116041184
05ba66d2,0.9975905851058167
ed366c4e,0.2062692799648999
954f4238,0.029917722548675862
21f4f395,0.8983920019926502
127bda37,0.9969037910078737
ca5c432e,0.002218758279336169
4429971a,0.09030311536994069
a6179f95,0.020986061844146912
d0d5165e,0.4892161687590219
fe3f7d13,0.05976985809394357
66be84a3,0.31490033828025765
154d8985,0.004824526304023342
27260e05,0.05015199031267699
6c37d4ca,0.9262250371305472
69a6b224,0.020986061844146912
9d37a1ab,0.12194782066957502
5998bcf9,0.0336647050738225
1198c02c,0.06246226684581886
9b7c82ed,0.005345528433312182
4b335d8a,0.9835276502201676
9655bde5,0.06718079273552499
2df55cab,0.17239422007223532
97c45082,0.821053016303107
a8ad8cd3,0.9831286364312535
591b8504,0.9202682868433845
4cfc4b39,0.05350817753618474
cf87475a,0.02700253357357297
ea222d2d,0.4538169849855233
f1266956,0.03442991584026773
c3bf1074,0.982775640306792
92633d3e,0.6050414946217243
bfe11458,0.78200885249592
f142d550,0.033365341140052
03942109,0.007332818697168217
9381009e,0.9515047094698013
db9508e8,0.759161040897703
dc61215b,0.019653475989299445
d7b962ae,0.0653106955615514
ac883af0,0.9545221322954491
a18d0c4a,0.07110852155664804
4b656126,0.9825769623159827
6adfd15a,0.3980208778291531
5ebfa034,0.15736403393137793
3363e0db,0.24905973856322666
852a432a,0.15528049408329564
6fa80d7a,0.31933119146538663
569c4651,0.15073149465158514
57422abf,0.6850000652089869
64c1438f,0.38319210633820455
0f7a771a,0.6773782614419949
cf68a502,0.9567390456861204
ebc580bb,0.041055850922379594
17d13500,0.8888990158655472
f1565d79,0.9911815419050555
e5ac1d27,0.6423615118740035
62339204,0.5651828926854549
49807b4a,0.11172021307422189
8935c7e2,0.06312658623930674
a561f2b4,0.043233723506180724
04387235,0.09962034904056263
04aac344,0.004141276112989942
54063004,0.06627497770811006
1b5e08dd,0.006683726032864426
6968282d,0.9938398327649152
281524f9,0.09130387313359564
fd553fc8,0.766967682888078
e45f0b13,0.005393926519238168
b34a4ca2,0.14924634216187802
0dcd8be5,0.22654786916793715
c90f547a,0.041776670104336576
4c34de66,0.7298851886781077
a47f4d0f,0.0051494520447452315
2a317a41,0.9974148669351675
b64c8598,0.043014491495770676
2bdbb188,0.5239808204384189
ccc89b62,0.07515414765546038
645ba2a0,0.9960029131389166
09e8a5e5,0.06693406898135129
be3a1e7a,0.005508946767417583
92d0180c,0.06254182649568411
2e8ae485,0.20401943186749988
007f8195,0.6623631190770346
2bc2e785,0.9891694695640438
baed3d4d,0.6833323717387716
fe9848ab,0.6662343500509698
426619f5,0.9832007519784117
6d129e11,0.0651208993961314
906e6124,0.19326775691032083
d96aba17,0.3661886407128378
2d18a140,0.9870592652260368
4b6c1a2b,0.9974681981003025
da62caad,0.009784842323667647
5a0cfeff,0.030889134565866644
befbb68e,0.05125184598227008
cad3b152,0.9565411827196731
d79fa5f7,0.13500753926547937
7462cddb,0.9972362077047517
0097d47d,0.08680459464662532
68d6335c,0.960805189586833
9f81549c,0.022987782370750418
638d49b9,0.7942624739978872
51a50ebd,0.995732050091396
95131535,0.020703233573441965
3c470d57,0.44782845694491275
845a97f7,0.056297119379701645
feed4566,0.03449702571248753
fb6a5915,0.018809465951940843
4d47e42c,0.026358176916503905
930bcf1b,0.06410412711874466
69aa8b45,0.023030371435154674
14c07f0b,0.030036704445186174
90e44340,0.9019050995538649
1b8f6a9e,0.4582227499051298
3552689b,0.004707883488232799
087c5094,0.3901154129444726
087e1232,0.04412000410744586
321e2099,0.9968544660051796
e08939b8,0.00972631679369344
e624f417,0.9972109167499372
93291138,0.9051501862726218
9c3c7962,0.6307692697452911
56c42675,0.9846954927723448
736c4009,0.5209093373636386
6a203662,0.7830782407240283
7e4ad586,0.012398050152385097
3aa99a38,0.008804398280055682
8c74137b,0.019646213700204602
b4181d37,0.7324994221069548
fc80eb35,0.983360273953133
64e1b981,0.9778841422841602
1286ea75,0.006279765599672427
7d276b6e,0.062249132359140494
a386d706,0.99739353384475
ec149576,0.15430541777714374
cd93b8c8,0.9932504991846788
a534e7e7,0.9809554634261011
ac9eb453,0.9839925243389521
90076078,0.40565740412958123
2cc7deb1,0.019653475989299445
8a1d8803,0.9966701348353357
ed549ef5,0.43578030287044445
52f93bc4,0.12574500525689639
87b26c7e,0.21421261888130566
8b4b736a,0.9968544660051796
51f1f1c1,0.9626755254552275
7ccb045d,0.9971365734814424
fc6879b6,0.21083553630433088
af01f762,0.022081547416546315
95e519dd,0.7650338871230591
7e83b19b,0.12933849972461275
a14f35c8,0.002967382761506107
a61cadc3,0.16061131557523706
1b769b14,0.9968626389378024
80c3cbdb,0.025232506549360538
843612fe,0.002218758279336169
59fcb7e0,0.8591163257948307
529593d3,0.9974456372542722
5898a695,0.997639166068588
081c5fef,0.03184776021487499
517c5fab,0.0228996578365475
4daf7af0,0.006484425823502331
85b02f43,0.5412019603316217
2773053c,0.9511675694495821
8fbc896a,0.018809465951940843
3d6d6648,0.12516768611512988
bb671f69,0.2820097037449595
5332d0ac,0.09142223384454436
efdf6eff,0.03331058248786141
1f3e21c9,0.997639166068588
4060450c,0.7044780617119228
1cd8282a,0.04702508454843512
22807879,0.4574981671716401
a30f4fb7,0.020630017600390963
2560cee9,0.009253476111694619
f85dfff6,0.02136516735773372
6fe4f47e,0.06841679994589313
69d6387a,0.9027474777588275
98842917,0.997639166068588
fcc96959,0.9975905851058167
7e26baf0,0.9853845196815447
4d609734,0.024554703881636157
c96d08d2,0.5950435309585262
11b14d14,0.33298505301316417
22b68133,0.324190098276335
65cb30aa,0.17928501778709907
80967ba7,0.01941024088427335
b54aef48,0.037502675495782636
020dfbda,0.5040475350978679
4de9c502,0.14751277162235255
e9f4af18,0.11057079165419352
04c7c4f2,0.3301046834680025
1ffbf411,0.08197177414808425
cc57c57b,0.0348532931413797
15373a40,0.9971365734814424
a992225a,0.15388282048053606
fbaf302b,0.9692562600906734
8339a6ca,0.990648970774016
29d824f7,0.706560942835722
659f11a0,0.9080299872716721
88fb9b4e,0.9854376091317546
db2d689d,0.06354836786575199
18da6fdd,0.7357200263912079
0c16c0ce,0.004991541233306104
7b7da3de,0.7050006291466632
a44e0e0f,0.016123318815759437
490e3fb1,0.0030474730401836665
0ffe1475,0.7888572036816218
27efabd7,0.5834455313470016
3dcdfda3,0.2693975596554329
637da450,0.981946213049096
16b64b9d,0.0058436130923941645
c76b1927,0.9651459376964503
9126c78e,0.9137552859125859
ceea2fdf,0.7387115528571307
371c75e1,0.04776518927274155
dd09f50d,0.5116880866001132
73674456,0.99739353384475
68d33c24,0.6088873980243286
f703b77f,0.20620937688005805
732d6b4f,0.997639166068588
5085b269,0.9496056281022829
f42e8155,0.15549474185704018
7fd58dbd,0.9396301175578134
22666426,0.023547903325296902
4bae16b9,0.9970729367632718
a5953b7b,0.026981810599125116
720ddece,0.029953628431549757
e4fc697d,0.8418087529142436
e2e1df27,0.7895365538625507
42a1cc87,0.9080299872716721
7cd4c795,0.6625804616133242
912c11aa,0.0074902254485054
619f82b2,0.9972362077047517
a883693e,0.005255395564029255
6b810953,0.37638340884346055
7b8ec14a,0.0029213537868047305
ce40c72a,0.7888572036816218
88d0e09f,0.6323078025670213
5be97bce,0.9791430879004756
26014fd2,0.021338484618179734
278008b7,0.9060896881177676
e8cf967c,0.004382475342358415
7045bc53,0.9141891754209585
da9cbaf4,0.04014925994477979
8d656494,0.11922521021031285
c55988d0,0.9969037910078737
780e1171,0.7168393155005377
13a31d5e,0.324519463336477
1883e583,0.7555313509018232
5ee65141,0.04088237095991795
260e1d2e,0.17556248706627622
c874b041,0.0030474730401836665
04f5386e,0.43604649685844254
e575d0c0,0.0052120760974573846
44d63bf6,0.024279731554537328
5c4e9b0b,0.04574124257526924
eebcc3b6,0.047767229155517295
2f33c31e,0.0248462680086226
28f5f216,0.5411252298439085
bb368d74,0.07492174311448782
9dd66aea,0.08117468187834487
bf89449d,0.5807687697796345
de1b8020,0.9552095360840782
e9af758d,0.9005116735598262
64022bd4,0.9974792235630631
526789d8,0.005329361929487165
09025dbe,0.004707883488232799
115c6134,0.1002972966915584
ce6aa2b2,0.7991190532108027
b80c3064,0.060032282444945226
4e2762bd,0.019653475989299445
364242f4,0.9080299872716721
bd3a96f4,0.9862813009506475
73d09bf9,0.005529023495935888
86937a8c,0.356824121994307
0969a0e4,0.006543127477045581
cfa4c867,0.005415063760108209
da1e5985,0.005250335240468259
dd22bfc6,0.05510004496156347
2fa1cecb,0.8034148092981468
4fde6327,0.8133892215467948
4457c5ae,0.9179210709737321
ad27be49,0.21916778844125057
ba21ffbe,0.04610641960328924
abd65309,0.014388508213543033
6e3587f9,0.5751628034084523
0e02c37f,0.37128570868821004
b3fbf138,0.06350735548741683
5d494001,0.9316370884702376
d5d660bf,0.028392165125794094
e4b67cb7,0.7550088946380776
2fbc6b02,0.9941529839504735
3ca0c3b2,0.26507498557583037
7af13b7c,0.002218758279336169
382198f0,0.003195248256208623
cdc5c9ed,0.006345175321093283
cca129c4,0.827986023727985
be9a6bea,0.5890893749919789
0c2b9434,0.015862174369477233
15e0def7,0.3835829149734913
c193ae99,0.9967348098931577
42ec7df2,0.12423519056434851
917300c1,0.9517698736320703
29e487c8,0.20128666189560934
ff66dfbd,0.09678790112520966
1dfbef19,0.9795415077340847
ef8d5737,0.0047944494783208015
5ac62625,0.13283558375288648
9eda83f8,0.6859398808588475
c5ff45a7,0.008300019752241542
8b031162,0.46692588833211685
11fa3e76,0.9968258741022629
93da94f9,0.5370824397064929
68e53103,0.9494626352957983
dc0dc7fe,0.9089437082852715
24e94921,0.14374350582420967
d392087f,0.005329361929487165
f5e7a1bc,0.26654233574250813
7b42399c,0.02780425860226219
9e2f2501,0.911524123454971
88f7c9f8,0.07000732243535154
889ea184,0.0196649376155034
5e0d7a22,0.11629017436783322
80042bdf,0.030629842986918655
077b6c68,0.0158934152218115
006369ec,0.0050352395233013445
0ef3db85,0.9974879616437127
187d1375,0.03582720247566804
19421236,0.05767913933058818
36856034,0.9970729367632718
184095a0,0.6286100238350354
cb857d4f,0.006415082057001205
a49f2976,0.2704625893727591
c885c8fb,0.15346996634119292
290ad1c1,0.919849505173637
5da44185,0.005329361929487165
4e1c0f40,0.07009019304939901
6811f516,0.7854583814243945
c643494a,0.9612186253710355
89b389ae,0.9892388658400325
99f69fae,0.05127565377507968
85ce64f5,0.8898956958206762
f39fda18,0.7239759099834483
62fde645,0.0023337994790801164
54d976e4,0.5960297600966326
214093ab,0.005648618041520841
9e091904,0.9348366803055443
58524bde,0.9974879616437127
3a7c5aa7,0.010863191291519572
98ff7b84,0.9969037910078737
ba3a611d,0.9349876503147658
3bde5fa5,0.9468151444192253
a0030881,0.21810782253912603
2eb4938c,0.10171606878590596
9a605545,0.13438226740415452
844f2bfa,0.020945574899281363
4d5e1ea0,0.24610123139744236
e4fbfec8,0.004707883488232799
86ce8eca,0.99739353384475
d52c6043,0.0023337994790801164
21c46c83,0.005656060106978335
dfdfb031,0.49915168314335145
35e4aaca,0.0211919364213339
017bcd36,0.17161961905849119
8ae998ba,0.029607245431652884
6c08a718,0.669105370263377
a54ad43e,0.5798563004247175
587bf099,0.9425529375002801
b8e4ba9a,0.007007330424026387
d29eff4d,0.05458449879595058
5edb551d,0.018248679399681878
6eec33e0,0.7973751878182869
c2149448,0.03450325916439216
bd81b915,0.2299196445478274
b10b49f8,0.04338638861524654
cf14ef53,0.11967325642914442
c27fdbb6,0.9967419503998307
e4351dd8,0.011614541290910337
1ca3c9ec,0.6995390695636851
2dcccddb,0.17441784073504282
a8c32975,0.022398732921293747
d940095f,0.9974879616437127
ca389493,0.002675346246321492
dbc9cdf1,0.15765721984552541
dbb14840,0.9885450515907335
d52cfd90,0.47353369683263075
b4096333,0.08194690740935998
93e8e5ad,0.0304412685425172
b0dfd29c,0.05205024710462366
cd4b5986,0.7816412526415798
aa3a8108,0.9841919158628677
254d2238,0.8958945325180261
738ee6ba,0.9388367025184875
f5af2459,0.004693277843235992
809b49f3,0.9294757534291479
e3539167,0.05756048480793535
a1f32e74,0.6329524496178373
b348ac39,0.031307601578490975
4db8e0d7,0.005392689331921431
d66d465b,0.9548344525534608
b10d2bbb,0.26073980783310413
01e63d93,0.02499510106847607
4b7aada2,0.11573507248186936
7583914c,0.9799941860020995
caf59295,0.024242559169278054
4a9404f6,0.997639166068588
45d719e3,0.10623582592658873
71716a82,0.9080299872716721
5a0dd3ab,0.9919658739852935
c5810d21,0.038338416620097106
f678038a,0.02746182403839801
e3f2411e,0.28702108042449404
070fa8e6,0.17994281096196835
fe6e897a,0.12497786376872558
05f4931b,0.028271499622335577
4ce91a00,0.9974879616437127
0246ee0c,0.9423049516819436
d0cd49b0,0.0047944494783208015
d0a8b2f0,0.8980926576790477
f108894b,0.8786781660047189
156c5a85,0.9933522384973983
df33d7b2,0.9968862700108889
baa0ec5c,0.03302724743222778
243bac76,0.6804566025926571
72b7819c,0.03882683942042457
3bf4c2f4,0.0044531823872032235
70b0d042,0.005329361929487165
51e2b7ca,0.11687046690401748
0dd1212b,0.19263672492637274
c721c53c,0.02442685116309274
a9028dea,0.12070672574233834
7ce9e776,0.06312658623930674
6578f35d,0.4671569894113171
0ed8cf16,0.0032988484363546374
447846f7,0.029163027787630413
0699c09a,0.03026538878153598
d28af579,0.002218758279336169
6569075e,0.9892723087787123
1ab85794,0.005662750673212116
1745f65a,0.7105681686763978
857d0e74,0.7868513175026761
8a24db5a,0.15185704499394773
dbdbfc89,0.9967941017881149
bf742a69,0.9965874945961243
3fa06975,0.1344214169379375
346bee7d,0.006415082057001205
1f0f8e85,0.04721277159800756
65f5a422,0.49277087369638933
ab6e8e04,0.022987782370750418
8c5ec9b8,0.15642629472852154
33f6b29a,0.9931088140965147
0129bddd,0.7370406299708788
914dced2,0.9755716713129321
4e43ed1c,0.9973925675614023
4cabc6b4,0.9676235369843749
8c1e831d,0.6876461756073
8e7d4626,0.5529219691732846
8f6d47ba,0.8059672240586415
fddd6685,0.08336408937555813
9ab2d11f,0.2482070543814512
d144c4fe,0.01941024088427335
d809a3e5,0.5327805787768108
888e38cf,0.7202070436792203
0cadb51a,0.03292531853503301
a3c247d3,0.9795344988604452
8d866bfd,0.9975905851058167
fc0b7b59,0.03180945594843393
bb58f257,0.020544156387183453
5abd9ea2,0.02646314729428483
f31369c0,0.006635099896067645
b2df1546,0.023542623061578623
2d955a2f,0.9969361347336761
224f31a7,0.7843450885499388
7354202b,0.004749799340417011
91bdeaa6,0.997639166068588
4af9acf6,0.04583638428335725
e78ddb82,0.09014812731312372
9c0d19a3,0.9938448908541844
ff042ec1,0.004356137117139419
89f9dbb6,0.0052120760974573846
51062fd7,0.42691412204025214
81fbf318,0.4961472815206386
0226002d,0.12475911453858371
af182c5f,0.6061592088161845
1a49506e,0.019756175834603786
fa530b08,0.005892441797522426
aedf4fac,0.14658384137604283
0ecfc382,0.6825804827428934
6b055252,0.7263953689062694
e84e4298,0.08149972574649286
5cbebe85,0.8712636259031316
f43ac361,0.018384643690606828
4c44148d,0.9682302405589877
d3320ed0,0.7525261534344321
076589f2,0.020757957830887387
ea34a408,0.8984693474114781
60b2a91b,0.5096676095090686
c79f6c3f,0.3099057633927882
dd40e451,0.0025022378961668717
a0bfc4d6,0.05780858975400952
c68e8922,0.03219397452098664
75b9b3d3,0.007428301487958531
09585ae4,0.03562504189868554
ade05c36,0.7501077188184353
8aa76684,0.9930341666622287
6399fe30,0.9015504284716938
9b7ad695,0.23814720298976613
7f6d3c16,0.5236000746145761
8b5497a2,0.9832007519784117
b61ac08b,0.17241870432865952
70c83161,0.015812218506758492
f41de0c7,0.24464123281634337
01172550,0.035430258783344694
878baaa6,0.019653475989299445
a71ac38d,0.8955092757295053
3e61c5e1,0.997639166068588
2d10aadc,0.06654739433089077
b3027c0a,0.019640637109677183
2b76b075,0.16392624485252857
c47fc129,0.1707566179535781
bb478cae,0.07288780380430573
b3c9e845,0.9974879616437127
4b1b2a61,0.19130676411903585
14b311f6,0.9843027306085022
e5c8e775,0.5509141287812962
566c86ca,0.9444266501312863
149b5e89,0.0047944494783208015
f2aaa705,0.03510890570443949
6b7e4a08,0.7036744864680767
ebb4f679,0.37526168182334774
5a17b824,0.08837605037908677
2c407095,0.02195310598847931
93e299b6,0.268889545435527
dee0c66e,0.5564047777099481
3f9d7570,0.5880732151277709
3be9624f,0.8633446323304446
e9ee98da,0.3096537413606141
e73d6bae,0.14540867670099583
f0ccd2ed,0.0026347109710993773
1a6fd33e,0.8518088464968457
c4be528d,0.006415082057001205
9568e398,0.05739333709159207
319842ec,0.014604483525135593
6eb11771,0.0024520207644911857
f902ef9a,0.03208100704302737
7d324378,0.9967941017881149
1d0c5e40,0.9944008965887103
674b40ff,0.7822942602835593
fb24d7d7,0.22906425710861736
bc1540d3,0.6639339725922742
6ee01efd,0.060212692574775406
27c82155,0.020362367220073653
b26da393,0.7305045276971528
13a05958,0.035122260842665634
2f077a39,0.01538649832470367
a6ab4353,0.09700657464892869
518ca536,0.019653475989299445
75f5fe9c,0.5510452635425629
c6e42e94,0.33996611485130357
5f2bae34,0.010469714601544746
2b6e8231,0.06759253936383719
b37e6922,0.3696490304593045
08608737,0.05689942037947897
0712e0b2,0.06580930792130818
acbd4462,0.9168525297135218
16a25321,0.41360274072534625
abb85c83,0.0525501529541588
621fc582,0.5915889095312574
2b692382,0.12600791012798912
fcf645f5,0.6184695983459497
8dc77e3e,0.02499165415198638
a6a980c5,0.681220747278424
c835f175,0.04516272514630757
4d1fc845,0.997015874757827
6f2dc077,0.09201770294729208
9ba185f6,0.11611300277081571
4e5f188f,0.2558284270309051
a495efac,0.04077614973838326
1f3d6cbd,0.31323741966475616
0f6372d9,0.9054800139669515
830e6f72,0.08304663498291963
84922e32,0.03973458878468889
b7d95c92,0.007268016623873855
18d29c0b,0.024279731554537328
d337c39b,0.030679103994220025
0fecb752,0.9931870745902625
e59ce961,0.008768102944343995
3131bac2,0.9885405403079444
85cd075b,0.7572516031733713
53eae829,0.06861932385400502
c52d4735,0.9112145276001259
8d0dff4e,0.022987782370750418
af396578,0.7658341058948697
81b71a3e,0.006861702943089236
b081a6be,0.019753302033057488
a298e472,0.19382255051110722
2c3040d5,0.019653475989299445
777e918e,0.8568607290231395
8f140837,0.3213257561358043
69e74507,0.9841919158628677
d2fa49dd,0.3532225360684412
e4b8a658,0.1808122642668082
b22b7bb0,0.02436737034005909
e28e413d,0.0637023049810049
d79a5b42,0.9656856153421307
8d05dd93,0.5361559580529285
655b528c,0.774441462931914
fef22c11,0.9466941092495637
11ce85c7,0.9969646135413026
2abdf225,0.7973751878182869
691e57a6,0.04230200233201371
5edf8257,0.2567307542019478
2e3e6525,0.7231412272702873
5e1e95ef,0.46061235850250715
2d6baf47,0.6733790329942606
ea692aeb,0.006464976027351332
326ea4da,0.004707883488232799
2c2144a8,0.8666835921237963
995f5f0a,0.7866873984693961
b10fdf53,0.9966582761717028
3dc110b0,0.0640365522423145
1e423da1,0.1605686652560238
e415b627,0.04431921823642304
f905d8be,0.9005582173096022
ebe75960,0.005796837241954138
9887d0d7,0.06350735548741683
d20fc497,0.6701042658097578
57cc8d82,0.3709187466320041
19c1c0a3,0.8724863911302474
bd5242b8,0.12494172569565702
a93c966a,0.024762942269258275
69f7ee7c,0.9099269740533409
400c030f,0.14661919908823387
f7cf59db,0.007050510942336543
9057f177,0.002190401432397596
f874aa96,0.958944540222633
3d2b2f65,0.004707883488232799
b1a9889f,0.997639166068588
5638800a,0.7272170155441818
6cc3de85,0.9917605925142088
c45a6f9a,0.0023337994790801164
719dcb55,0.08448175785728959
abc29c67,0.9975716776080397
0d8454bf,0.9974879616437127
da9b4543,0.007794951435115671
f5643fec,0.06564875184370214
d8f178ad,0.031038337488714936
6813bfff,0.9798860822728839
f517bc3c,0.6236888323835175
c1254561,0.012216081561014312
fb1ed800,0.03714346333555633
42cd718d,0.04881186586450196
3a3f1352,0.9971938833153111
531c29eb,0.002218758279336169
f6383a5e,0.9955314627687806
9927fa32,0.021569814502566936
de4e8cd1,0.13103154366712313
0df14296,0.9971365734814424
9604cf33,0.05884422233246116
3ae2ee8a,0.004778590533077607
95996594,0.06350735548741683
2908036d,0.939080815841382
59b96076,0.8279653784031791
1b511fe9,0.2212664760038275
52e0670a,0.9941853790731294
8b045c21,0.011314241878981576
d818079e,0.9969037910078737
0e359c0e,0.18068056907917673
9f68e110,0.15944413463985446
2257324c,0.09381981813208998
6d5c700c,0.13279157593028915
ac3efb70,0.03623287190760494
c17b7dbe,0.07037318717929766
9cbbe5f8,0.09812450706646007
2f7d1ca6,0.2318869041871619
2a773c6b,0.04734522424968322
4aa51844,0.6461621663035932
50414b6c,0.16866710618993547
fa708c94,0.997639166068588
4ffb2214,0.6838491787331449
f080f2fd,0.03412207010096008
7686a991,0.9132620839078035
210584fa,0.03129219277946052
314a0c60,0.19845032033015544
652738be,0.004707883488232799
97328fb4,0.019589297323284422
1ffc4b1b,0.1701150370162764
285775b5,0.03021191133185757
fae7c37d,0.5748815295720464
95faa6e2,0.5169000880146815
2cc92463,0.04259388939451619
be0a4884,0.4596451730401177
0ec6cc07,0.017200356395938782
7addeb4a,0.12470566262772542
7078e35a,0.036714212954849036
00bb722d,0.6300730929838423
fb6d9aaa,0.5223482832388378
8739c78f,0.039359701389454674
b80307d7,0.002485348131131401
d6aba752,0.7670910514229192
239e313f,0.005544744868893603
71cd2877,0.14738504552117343
b870c6ec,0.020309879901147805
148f600c,0.05604634761320917
f2de5d65,0.7439810159258734
9c48afc7,0.0637023049810049
888d5190,0.7572259735636058
c2d79443,0.025301314597794493
07458d5d,0.11447628623237602
80eedd13,0.5394308936119192
281ec65c,0.06350735548741683
2d85da71,0.954124360634706
88e6d0b1,0.9089913867884464
b2bd9d8e,0.9969037910078737
38a978ce,0.9964048601011708
23ff220a,0.9311068782037774
db055794,0.8492055322347168
e1707308,0.05692633337654376
83a3aeef,0.8047194177325864
7e15b042,0.032716464645606985
0bd24025,0.15131390683959825
ffd5b968,0.004302158621722724
bbbeb3f3,0.38026341075726555
8b8867f6,0.6100279053106707
e194338e,0.5845297374824309
6f151f1d,0.997639166068588
195dca0c,0.9973693299226015
f53d80c7,0.12368454452280757
11e40b77,0.997639166068588
68ef9a7b,0.9966701348353357
9e71b979,0.005974113020625971
468c860e,0.9967941017881149
db924274,0.00828023981099506
bd440b55,0.002218758279336169
00aa3cc0,0.7843450885499388
4a12a86b,0.1429396086422659
2c6d8b37,0.09264980139202109
e3627025,0.9088382371440306
be761ffe,0.6478999645135254
b0656196,0.038321800181268885
ece21805,0.13632154936627944
588abb8a,0.002218758279336169
6cbbefe2,0.5604996299070916
4b8bfbee,0.9912103200354695
6e92fb57,0.035446805739970014
9a44a5f2,0.16304921762898045
4f0b2b92,0.6165654957261594
1505b82b,0.858531853368271
7d466bf9,0.03354023991499501
576c6542,0.8781528815561032
8291657d,0.2458824767814054
f511d824,0.9974179108853729
4d47c4c7,0.9485686305906335
fa54293b,0.9237088571015981
01b9a8b1,0.017935524323815552
c28c7b2c,0.03415597851810896
584ce991,0.9211239655059421
f3f4b189,0.6713994859414945
7198ab97,0.0038790543249604724
5e72d0b6,0.06324317059218677
f6515d3b,0.4139930853124209
8bc9742d,0.991660211371381
22c36469,0.10785987703939312
7fcfd569,0.9808680803711344
80a85ac1,0.5186655247953007
76ba4556,0.06476595585056569
bb77bbf5,0.8456114318990572
3f73ab1e,0.9965659529234332
097e911c,0.03595699872496803
e10f4392,0.03983552918408744
806d5b36,0.9915111271653595
3d39d621,0.019653475989299445
fde36964,0.8984419823588985
e0f2ae24,0.24846857505625958
f6988945,0.059551472315467424
3b11719a,0.004442916255404934
0deb60e7,0.04444734349378819
c0b9e68a,0.005102599695893508
3494a0d1,0.06386354591533308
acbb9196,0.004501597261786629
52986021,0.9839449482087271
d544ca63,0.005078080491781991
65f12c9d,0.019140155750160173
b2481ac9,0.041055850922379594
c243a8fa,0.022014173575052264
72d75152,0.06230591661433173
8bab8f93,0.9355636420871033
cd4e72c6,0.003092143802942306
650ce31e,0.013634959633087413
b7e02cd3,0.9967630009123157
31c6cf57,0.3104584851882804
a602c92d,0.6807928923362987
b00d875e,0.13132496492070048
b9fe2749,0.18342270388020082
24ec82b4,0.997639166068588
b4e44ab4,0.0023496229675649604
5cac86aa,0.9949391833990348
521c5d2b,0.15507598683594123
edc2db0b,0.17551371744120892
99042dbf,0.37865061694818664
284a1e3b,0.5007410612276179
2b162deb,0.9853562381709329
7b2d72ff,0.9622978332969095
98976b64,0.9970729367632718
df369406,0.034225544981605766
ba529f7f,0.9908166748718056
0ee35685,0.005250335240468259
5c9153a7,0.994236465616239
c34bfffa,0.0035671539743857895
7f2f2bef,0.35666358025543027
36b6304f,0.031169770540199697
8500f7a8,0.773519000227467
31edcffe,0.6484867336304401
b17fc779,0.04424055985145424
b1301f39,0.9595053547989872
78f1eb1c,0.15973026285567166
29fd91a7,0.0037371607975360197
7fc4ec36,0.1045820919732349
6d519a8f,0.9924913615019237
b98b48fe,0.8343149660980831
00798379,0.9951210761445489
b182e233,0.006543127477045581
72481332,0.3359790755548334
a3dd6b46,0.7978703421964319
55e1a2fa,0.0578548861780136
ca167f7e,0.9818574881161085
a2f6fc60,0.7721729676705124
c12ce38d,0.006897010846608305
41cc3cf1,0.9634468893048369
75d15e82,0.99739353384475
3ea7f47e,0.997639166068588
f78236c5,0.07789723081314101
23e4de19,0.997639166068588
46bb840e,0.9921907859331714
0163756d,0.09195273379259092
760c3340,0.03364172934412536
f657d0b3,0.43574324267833847
2834e5e7,0.9969037910078737
e1c188b9,0.6560490776791553
ebc4685b,0.9759560868845629
dad4ec14,0.675522064987304
598af27d,0.9081049446403038
b4dc7f97,0.14614546949570426
720f420d,0.9349876503147658
c76d8118,0.005102599695893508
b471c603,0.02492398189712078
d7f44170,0.004501597261786629
c9b9f79f,0.5125134941949229
ab4da4fb,0.14499379913632474
178aa124,0.13224468060179723
8c5d18fd,0.002218758279336169
cf2a2fc7,0.02499165415198638
2e246f9f,0.006490827835077008
2ba7907a,0.008443614572571017
f214540a,0.44869760515600954
03d3ec95,0.029815518422296315
63d2d8ae,0.664001098473179
baaaa0bb,0.9854027803984812
156bd669,0.9975905851058167
cec57749,0.4866462001647645
451cf7a1,0.05796159790959077
67ee7a39,0.00987820098836049
0e8a2a9a,0.006244973442552827
a52e73bd,0.9921193806092182
e6ac7aee,0.9841919158628677
7a85f62a,0.486693245872274
43a086e4,0.32463588832280177
32136d23,0.007332818697168217
e7f5ccba,0.06433597991622839
58476959,0.11552477632019768
8ccec255,0.997639166068588
4b22ad9f,0.03998252549765237
a1401886,0.18357478380639095
2686bacc,0.0321897774456998
2989e2e0,0.9411946942751287
b77deb16,0.07963860650023566
08493b52,0.0034742304651069027
23d82bac,0.9850743643415278
9ac4b71e,0.9910216931111109
e6ddc0f5,0.041055850922379594
17832ef4,0.4072667282512672
ed60af4f,0.5170851027348349
aaa95c59,0.8250340845626974
f9a48982,0.02145813773440212
316eab1d,0.004899486390424149
2a57d8ad,0.6763526043369267
6f19f77d,0.8906030563927757
8da56219,0.0029213537868047305
67fb6867,0.9852448996849512
ce92720e,0.019653475989299445
2893de1d,0.04611246129398818
257e9545,0.34442049740452324
f3dd39cf,0.007794951435115671
5b6ac9d0,0.0035323977335590577
71d93ab6,0.002958906379692438
ba6f3747,0.9179107896717313
22c4a251,0.9969037910078737
663a0e81,0.4351043868667183
006abe61,0.20616642408360303
73101c44,0.9415659672944724
6532ea43,0.021022555620709878
6b212e40,0.5373812593528988
ba767a4e,0.6414300547864
b68fda7b,0.9807613226916064
8c7e4855,0.03349539776097948
6e303b94,0.010128744058180528
973c63c0,0.05091524627254096
91bc8a61,0.022081547416546315
b9d42d7e,0.24464123281634337
1e50c3f4,0.9883189945601139
e6515685,0.997639166068588
c0d02666,0.01519264545850239
420c7bc4,0.029480120711934028
35d0788a,0.0080803947771725
56f15158,0.021569814502566936
f0a0586b,0.37495848056340425
ee809167,0.10791384924123996
83f5d9e4,0.8292000837462752
e897ba70,0.018443525041603036
da4f1697,0.13989636493987442
6a5c8da8,0.9967941017881149
b352e469,0.0636945560648422
e7fc4119,0.116506842045395
95906de0,0.10279548951217446
f6a9fa75,0.9939136807545313
f0e65285,0.0044531823872032235
00ba1b5a,0.9691240426283922
c6452bbc,0.004302158621722724
10841913,0.004135832752511779
55a784b5,0.005562208283615965
37d789ea,0.8009838369811998
6e7afade,0.7911422325607281
98cf7b29,0.9048572290138912
81f2879e,0.0578548861780136
6ac9185e,0.25950324802736524
37799494,0.16804074769406788
37cfb516,0.996589347078714
3999e2a6,0.9912062612965625
571a73c4,0.37638340884346055
5c946fa7,0.12160497594999553
293d4dcf,0.9646758706047318
92165d7c,0.9235496501417153
4af76897,0.9974879616437127
fb33d700,0.2957528268295829
86e22626,0.9458859972895229
da603904,0.021559248298580067
c85e38bf,0.39383795030086366
8046c7d3,0.997639166068588
115f4b3c,0.025723276865104495
1b513356,0.49805415064183195
aeff3630,0.08261338134090987
707505e3,0.002218758279336169
2494f3db,0.002218030567165235
8711f61e,0.08794792985700794
381bdd01,0.029312238480045244
efc85238,0.5310836207136195
ea62c1f2,0.9443564181103662
738bc412,0.818631342844587
b6357cd7,0.01397636298097964
dcbd2946,0.13865950847912728
60d6c35b,0.964111230267904
a66ab78b,0.9123909783219375
1a71e92f,0.006441914065134285
9adc2c2a,0.9450493769423272
00503faa,0.019653475989299445
cddbbe52,0.9968537381707631
bda9d3f7,0.8584335114621439
a3396076,0.005102599695893508
f96b8060,0.005648229201574134
1f692c31,0.005444228399462582
80fc2b4c,0.4047442331514424
bcde0042,0.9718934510705625
00abc1a2,0.9969037910078737
19dd8b45,0.0032988484363546374
21c789c0,0.8768216098020394
47a552ec,0.024953003814480706
7817f1f6,0.760876463072295
3a9d0cd3,0.1893014989274502
6a461834,0.1197127637342256
9bebaa19,0.99739353384475
f1c137fc,0.054658856780595365
c10a2b86,0.8939285536084961
f7078526,0.5471572517418969
ca783374,0.9485686305906335
8288ecbc,0.8795318876963695
6c8cc252,0.7606457270085617
d0d8eac7,0.029897073765154825
ca13b8fc,0.997639166068588
b6f813a0,0.0032988484363546374
a7f9dd0c,0.9975905851058167
2b3dce68,0.025633283068171815
d3ddf42a,0.9544057170119036
ad975bfd,0.9967630009123157
d6684c82,0.36564529574016774
cff528a7,0.546538909111139
f320ea1f,0.20286334451858776
d70f80d8,0.646971957968538
301e2089,0.9969037910078737
f2101db5,0.07140304094724173
e9609fde,0.006490827835077008
6b06f3d4,0.29261880290897235
dc5f06a5,0.9460748610124817
ad3b1c8d,0.09595281804198631
87fa851f,0.1241571656040937
edfe0d9e,0.16506547399475166
484e7e3f,0.07007751697733586
747fc25f,0.022081547416546315
06e201c9,0.9138978172159019
6a7b7b16,0.06623124645758553
76f51088,0.9973554010907757
0c6ce303,0.307337687981444
a8750a23,0.5470022727203288
005d1a8d,0.9975905851058167
7f0be083,0.005562208283615965
7a0f2f2f,0.986844981858976
e1f9257f,0.44165222137239046
a6fb4681,0.9964663755346044
c1c7e9be,0.06248479524383686
ac869afa,0.986541836272346
e99c19c1,0.9966249003297744
bbef7d99,0.9918376776803294
37e2e959,0.8292000837462752
cbcaf60b,0.005656060106978335
87e7af15,0.996614455696087
343c2321,0.9213943773608907
86bceac5,0.06911231103956297
4ab48f91,0.9236802213294875
5f483683,0.003786626371662512
08d13069,0.9961235506670857
c35ffbea,0.7269860721742113
fe432129,0.27872786057993104
f5f77552,0.1844729558156269
59eef4b5,0.9959644417919009
8a9683f3,0.017757215353779648
3469718e,0.9836980840047824
403b44fb,0.0956975633781481
41b9e7ec,0.019653475989299445
41f2ae81,0.0023337994790801164
f08c166b,0.0023337994790801164
6b2ff695,0.9971365734814424
80896ecf,0.06433736470729483
ae4686ff,0.029443273349051984
c7f2e193,0.034921058406398905
f225df4e,0.20112437509403264
c1746a28,0.25172788161202975
b784e5eb,0.022285491146545273
c3dde492,0.019069915410998905
1f8ded3b,0.933877392907951
c94ccf7c,0.005648229201574134
cb094c48,0.0026076140376283764
a3c7ad85,0.0023337994790801164
50e04b40,0.9973925675614023
1e4c051e,0.37288336003804323
8988d5d3,0.014938019967659616
c642619f,0.007292740992663883
c6acb363,0.005727562420192735
8be4b652,0.04640950584119419
44dca4a2,0.9935123559573809
f907ebd5,0.15254250652654064
f7dd1654,0.25188207432498577
0c758a71,0.4863539110641343
f9b8bbb3,0.7829928919676392
7c70db2c,0.3044884788147368
c8dc61a5,0.6807935010434354
85d93789,0.005137986357303235
dca344ad,0.28622236175834226
af2fbdce,0.8861552294324143
8b83889a,0.1616283066721969
78dfc07d,0.004693277843235992
4e94be53,0.9917486753597944
0e817454,0.07197521580663117
dfe6fa99,0.006688929585898338
3edc1cc0,0.574613966116655
8c6dbe7d,0.5364927657482808
bdf32d47,0.8954217599669585
2760f741,0.9965787729326376
ef55d0c0,0.05753698473190931
8fcfa985,0.9974148669351675
60161993,0.9912996599624627
25ad6a48,0.07505177664346577
696f6720,0.019653475989299445
04362967,0.9915111271653595
5258c583,0.9973925675614023
f879fe70,0.07718660848554268
2439dfdc,0.002218758279336169
ac950d25,0.997639166068588
e6959965,0.11629017436783322
19a32064,0.06979723568698715
5d50c406,0.6266973463318355
dcec8355,0.057120008674989176
5c8d42bb,0.06548565757511238
51c63020,0.006765155353037755
084e91db,0.5333940742811147
6b8a360a,0.24676305379385166
9472ba7d,0.4381356393944819
44a04f77,0.1886286556204794
942e9022,0.035504001372056684
527e6832,0.022987782370750418
9e227218,0.10536176852556305
604418cf,0.9698510400441924
1cb56f66,0.004442916255404934
0c6632d8,0.9913758883472644
f4a5d0a4,0.9950247502557499
dfdc63d6,0.41156558031213486
30aa34b3,0.03969227806218327
17e1ddd6,0.9946573553953908
d537c796,0.9779892556808807
c767fce2,0.008541349032353773
b99a21ba,0.002980316172149931
ba1b5388,0.9802267231776017
cecd5499,0.02442685116309274
bb76f9a9,0.1510879541776438
65c7d23c,0.002218758279336169
ec5777c1,0.019653475989299445
5e6863d7,0.9643314064615776
d8776c31,0.9969214835005138
d2259acc,0.002958906379692438
d99d01b1,0.012624153816026015
b7baff6a,0.7485771557186577
a6bf99c2,0.38494163286186023
b01fdaf1,0.16908546421695478
dd8ad5ed,0.9588977511610736
9cff4ede,0.9943499231970969
14ab6ce9,0.06828142407969745
d0868f38,0.054917092179437764
7351accf,0.032461308495198335
8469d948,0.9802267231776017
9cc731e6,0.9791164077700433
c991b886,0.9970729367632718
15c427d5,0.1711747345266362
7c7afc5f,0.49303548181721446
99cd0a99,0.006441914065134285
1d4e77b5,0.9387551102914735
ff2d1583,0.8990889593618357
1041e785,0.0578490951749546
0ce1b293,0.9970729367632718
8ba6ac8b,0.0025022378961668717
7c0d1b8c,0.045065358268133474
b8365041,0.004635551720425202
844e0e89,0.9959146635338996
f9075b74,0.9966152779261274
26758b1d,0.006734252641987647
c071ddaa,0.9727768475195469
e5664562,0.04998875426491366
5ab278a3,0.0030474730401836665
9135a187,0.018248679399681878
199b3b1c,0.11629017436783322
99772654,0.01619896149842515
fefe466b,0.009828389598027357
0a0a0a22,0.0939957674811745
765bfc2a,0.06513528733690552
65c8d6d5,0.7955683983333689
cc895cb8,0.17446982474887793
73664654,0.9187937337758397
b3a8a04e,0.2841920147029068
da02c8c5,0.002218758279336169
5359feb3,0.01632554536221721
72201aa5,0.005508946767417583
a0f90d86,0.3642219024955892
6636f228,0.9971685399913406
505fec03,0.07358757816002856
6bc192b8,0.943825407122916
3cf96637,0.004382475342358415
8b118095,0.0637023049810049
5ee7a2d0,0.005390585928965446
777c5dd0,0.002683065346539387
fb470e0f,0.17737795589022293
3dd51326,0.22925056036553823
274ddcfb,0.05163431190559385
40e0e281,0.6474491983608928
4ee8792b,0.004501597261786629
b7073f4b,0.1229800396763012
57746572,0.5075343958045172
c663ce18,0.06281047343416428
8e4a1245,0.043707036852695974
61a8d153,0.6666579094210734
f542678c,0.2531690598938737
b5634a66,0.03479109560920583
2f45d195,0.005312032236588252
292f4a29,0.0023337994790801164
1c05dc2a,0.9924469362946832
d55bd660,0.08099014925243689
f4a5f0d1,0.031307601578490975
431c633e,0.8289809772410786
f405840f,0.08071179391787209
b99f6ab7,0.3642219024955892
c5a74119,0.9970729367632718
11a31337,0.9901137872717978
766b2fed,0.005990664172405777
8c4798af,0.23333183265016796
85a25590,0.05246586512760741
5cc7453a,0.046346647281866216
bf6837a6,0.954124360634706
027d40aa,0.9969037910078737
fed054e5,0.08353318191061429
8caa268c,0.214999003760443
def46fec,0.9450725918895635
4b85d4b5,0.24686018764800996
20eb4bf0,0.6868488983917735
38511b3d,0.002958906379692438
f89f4fd5,0.9073349900860332
9364c592,0.9754663280036796
9dadbf56,0.9969903351295193
9f2f6c98,0.0037371607975360197
a401ce15,0.012936284424827041
d4dbb7bc,0.950379002400506
630ce8fc,0.9918518409319799
cb11a60d,0.0987739696140156
5b401901,0.0025022378961668717
3db072ff,0.03732164432400971
13a62b30,0.9054800139669515
af587b12,0.25636795759059605
cb657124,0.05410889723193866
8fc19121,0.9690478642585004
a115756d,0.9974879616437127
927737e3,0.022081547416546315
756a273b,0.14299239608516548
a488956f,0.0023337994790801164
378606db,0.040315468278638716
3e01d989,0.1419170312905507
a7831a63,0.0565538147814203
7321a6b9,0.04260538722108805
c1cb7c8f,0.020360906381470308
b2fc2d63,0.7043664462746697
131c0fd8,0.005934428843015161
03f9ac23,0.2325450283312469
23b33e7e,0.029819495888315662
1c5a5994,0.9881214080572386
f421dd8f,0.012299479833872782
cb80fc56,0.9707925590176314
d23e670b,0.00500029172331791
9eb861ae,0.04246951083529128
bcf6e92a,0.006279765599672427
0961bca0,0.9966344349048135
abf98bd1,0.034090634541216205
c17bd57a,0.02731345008257139
016a5124,0.4268726545353932
f467e65d,0.005314650210824662
1fb7792c,0.07327408532298038
54ac93c7,0.003092143802942306
fc1743ea,0.5066653820272491
59f38354,0.07990325534540299
24affc51,0.9477293846025601
765d7238,0.07306839132084827
821b5dfe,0.8126236311034412
5b51ab9a,0.9797365793481362
6723d8cd,0.9803995623954826
226b6db8,0.599310948044889
923d35b6,0.116506842045395
33e97dee,0.9225402240575302
aecdac56,0.6122473562999152
d55660ed,0.33576895510384597
3f5b7972,0.997049843776842
c7913f57,0.19642474984091896
1e6d2b43,0.9965659529234332
46b2fa10,0.9944850487701096
cce54f1a,0.9969037910078737
30bc12f5,0.09705378731599502
c51afc45,0.019699249553044616
6d7f70d5,0.6103308651320225
ee91ab54,0.022987782370750418
28ab6815,0.14122802652383495
1aa1b7f9,0.9960620653750357
751314d0,0.9963501611221233
2331401b,0.032170784054026444
0c392e3f,0.8237504955765236
54d448c5,0.005562208283615965
a260dcfb,0.7568325351548072
fb15f329,0.9973693299226015
8ae39645,0.9968544660051796
6cd21507,0.06473383182666308
4f0dc232,0.9523467070656031
b0957592,0.0047883374755681015
27ac258a,0.9965659529234332
9548cb6b,0.02442685116309274
f53292ca,0.01726591975791833
9d4bd354,0.48600886127856785
87e50f45,0.008327361899470653
678947ea,0.8678768331469462
5cc342c7,0.3103493513636965
64b4b92f,0.002555569157738064
60c50aa3,0.588696632689545
9a424825,0.06312658623930674
e077b520,0.9778276814911904
3ee12ffc,0.02076365911314281
3face647,0.025951153375656538
0e7cae84,0.09454956529613386
8dbef7f5,0.004348548388422466
6aef926a,0.05060608503628257
b0175929,0.0054176280811407745
fcf0751d,0.047209710741242326
5b2373bd,0.8907056437278094
bb18d6ef,0.1614223178305642
4f3b0838,0.11193941650389838
518e7a7e,0.5011816240440916
83c64191,0.2974983835824293
38599a8c,0.5297380756080464
475e772b,0.031162314453687508
dd180e4c,0.18465390812158777
e3af1bf5,0.9777260306352661
d6a485cd,0.1144024554638328
af3c091e,0.005990664172405777
0ce5e063,0.005656060106978335
57b8fe56,0.006490827835077008
a4e1f1c4,0.4671396434388323
945d3f45,0.1600265098282818
9a62a2cc,0.4771395307242533
231fadd0,0.9969037910078737
f890cc62,0.44446248210793515
6ac5eb8d,0.08095063770246712
2d89ebf8,0.035126285669000015
365d70d2,0.1471625792516884
400de3d2,0.030343043604329073
9f7ad958,0.03660439191553436
287e19f8,0.09586508121701627
16c0f215,0.13865950847912728
3fefa1f3,0.46957089792148965
c5ef001f,0.9450599227965437
ddfcc6b1,0.9968749672026259
dd844bf3,0.3351031577456972
892013d2,0.0036270885966766175
cde05d3e,0.14070784830460795
992a9418,0.9806950660991636
53fcfcec,0.022889277806160728
9f8d1ff8,0.35576362966501424
d75a080c,0.986749396349464
56caf0de,0.879475802186977
a55b7d16,0.1702935770215988
fa9492ce,0.005250335240468259
144c9f99,0.0077594417007037396
dcc94dd6,0.9970729367632718
f58fb670,0.969093735546967
78241e5f,0.02189208401493454
a6c9326c,0.5341746130517409
6c791d8f,0.9923213248364358
45bff101,0.4542996970367105
82b0e16b,0.9264651847993048
16826224,0.9971365734814424
66d22c69,0.002218758279336169
2aa7cc01,0.9971520721872258
de847081,0.988766974402931
aeb4a10b,0.02145813773440212
c72a3058,0.029853674215515564
1c778daa,0.24082804988602735
93eeaae1,0.03714346333555633
e69e7680,0.6158184504961535
97591ef3,0.9679896504731076
2eb5ca8f,0.024548992534630505
b987621c,0.997639166068588
6cd16cdd,0.09352423440343702
edfc7b50,0.9873458085037606
1f2cd5e5,0.997639166068588
63328484,0.03492436148090347
45faaa16,0.6682379966883049
909e1a51,0.10045957480667533
e3aa7e37,0.7667800397930068
573e4bb0,0.1805787700531459
a0f1e6dd,0.006267662660340828
bedb4150,0.9466941092495637
8dffc2fd,0.049448076612302216
f9a2b3fd,0.009854975731317042
556ca1d0,0.3262072160807103
d9886e3b,0.026181601386941415
d02a09c2,0.002218030567165235
79c32b2b,0.01941094888187898
bfe30556,0.9972108643807811
c4fa8451,0.04323241038882983
3da2b0ec,0.2771521365475203
b27fb3bc,0.005934428843015161
c549db7d,0.802481713854793
81375d18,0.028779497219103313
cc0a4c2d,0.3387394691876328
218d6ec1,0.17853531213968382
ce62ef9d,0.37603481677480766
99ecb476,0.022987782370750418
e43e8110,0.16660785867359357
17e5eea0,0.43548787300246483
f991c964,0.5663763963688607
fe4d781b,0.997639166068588
39173920,0.6783104432325431
266a909a,0.9975716776080397
832554fe,0.981946213049096
c7597eb8,0.9970729367632718
65664217,0.08886376173611257
33a6ea60,0.026611773706351545
090a04aa,0.008420930154029876
86e094f5,0.002958906379692438
4d812943,0.9971938833153111
a2e1a8d8,0.7388517988594254
30af74a7,0.9901015263287036
aadff1eb,0.6839434389257212
dd9d9a21,0.3087453345522851
80535e15,0.06579128552488833
562addc3,0.2733738455927028
ccc5fdf6,0.017733374271202126
6c08394b,0.9108150748019707
3611d417,0.18381093877206608
2730a9a7,0.997639166068588
87ee6f50,0.005869663013492533
41b1d556,0.3607288351216368
8cbd0464,0.9467496772210005
115ede88,0.9971365734814424
32a4759e,0.24904761689874952
3e45b0e4,0.05490810273141451
66293730,0.9973439865986309
89ac5690,0.041649533727077595
be0ec8fe,0.09236211520908082
f43c7c78,0.2594485618495171
ae762a56,0.9809099090422022
778b0270,0.002643052973528282
8d36092f,0.9566573723804804
0e064722,0.005648229201574134
9563d4c7,0.9842382002352791
733cf593,0.18628467967869866
0abd69a7,0.5696969510397881
bb38c4e8,0.47614749837184533
8b2eac97,0.23665054607257313
aec852c9,0.03026738882592095
cd6b92a4,0.7600576723828467
538a4d38,0.6113625216554531
7989134c,0.028356455159441536
1fc98713,0.019653475989299445
95965fcb,0.028128619360021777
a567dd8c,0.9854376091317546
5efe35c5,0.17640425691975323
33067406,0.8560231459470898
313d8e57,0.08419447309643294
1c36c858,0.014962684509815489
c19ab1e6,0.17133420478795441
c4947b2a,0.9858287948233702
b3f66953,0.9964196017131147
8bdd8496,0.325112983236301
4febdca3,0.9836636301077526
8a41ed62,0.009270615764685085
d6b6ca61,0.9972377459099107
52ced630,0.38580913784545523
43a9c683,0.11505657876856028
d623e6f9,0.3391153812574298
fb7cd74b,0.004302158621722724
11c4764d,0.03932825670691119
f5f1a311,0.99739353384475
3cd6dd28,0.28774688718462926
c155dcb6,0.0228996578365475
14e09953,0.023142362999772743
24efa36c,0.681526304571616
a2cfe931,0.997639166068588
e3aaf250,0.9975905851058167
bd60424c,0.5625402298967889
78c39702,0.9968190465217749
cd25f264,0.020105214405342502
4dd2926a,0.7256864490239734
6c34da5f,0.9576731028054486
39e598b2,0.005606646917667974
714d7c54,0.005078080491781991
8986351c,0.04446315164070068
782b40b0,0.9682614298058827
f5ed3e6c,0.9291235945675709
d40b09f6,0.997639166068588
9e5a9cc1,0.0232392575206901
2d662772,0.8496898801751774
fc226b34,0.02180227057967947
b8e9f1c4,0.00470625876527001
21e607e2,0.004229826853915126
66414b26,0.5306847434192634
db5ed1b8,0.0336647050738225
d0306d5b,0.1647033956521568
819c8178,0.9967860711096821
8d0aee2d,0.06082203474129988
1f9a7268,0.9204068118467607
5d58ad56,0.034645733724467824
773b5537,0.014638196993187289
e576235c,0.9209343975645339
3c62de40,0.9966536811865897
a163f4a8,0.005656060106978335
f1198dd7,0.0047944494783208015
4e9b3d7c,0.9974179108853729
f9e02c64,0.9937284258690818
d93d85fe,0.07991853538542577
edd6cae5,0.02246208581906472
aa764494,0.002190401432397596
2b02decd,0.13245900973620298
272558c0,0.17407579222659847
462e6cb3,0.004302158621722724
9d74f2ca,0.855791041287237
93085817,0.020351128091441628
0b5fadf3,0.14721219677552874
55499544,0.9899820726698094
626cc2e8,0.9845559143356339
5c3ca9ed,0.9913455588535646
053e4112,0.9699823390494406
515ac894,0.0030474730401836665
94802178,0.17869004044306797
59ca07ec,0.6885411177470508
1c9dcd7f,0.006786188391607849
d1e5eb89,0.16108873533563733
4de90ad9,0.44880986763399494
1f8d1267,0.013223304799419447
8d580e34,0.03573206904388536
8bf70c95,0.0323408307441617
cc8decf1,0.6025250832653917
3ce3d733,0.03469504993813093
b6c604da,0.06312658623930674
5330879e,0.005656060106978335
bc495c69,0.6864865097707258
b252cfd1,0.005656060106978335
154c1ec1,0.14237249701208152
9debef36,0.997454383397302
b85f0ca9,0.8410426966056397
9457c74d,0.11629017436783322
154bd54f,0.002344157367001496
0e1530d8,0.9972362077047517
fd083ad5,0.9974456372542722
fe8ad320,0.11198595009865993
4e9ed740,0.9339537735945174
aaabf68d,0.9740283129307441
d96b736e,0.006897010846608305
c59701d9,0.004707883488232799
2eab1c5c,0.9911893531326884
88598e79,0.007603428452931426
152266ae,0.7876606546977021
906ffcd2,0.7287894825855145
d7e148f6,0.7231845643330694
d8235f63,0.061674780733659375
80985fd7,0.031945568411722115
8dac29ff,0.1263358186237414
cc4890f3,0.9915412304569072
7373120e,0.7238688191946566
6b420c6d,0.9080299872716721
54cd85c6,0.005018971749218249
8617be1b,0.04920321260393208
0df9818b,0.08212212708537907
ab86845f,0.9973554010907757
661a8547,0.618005605961948
4bd5eb35,0.006015905928389813
eb9e1acc,0.6103308651320225
4d47b782,0.03157792426987306
b020f20a,0.09132447230758123
e7fd2f29,0.9793698991470535
a6d7f281,0.05391831054230123
45b7ed4e,0.020119739481239924
4d8d8b6a,0.9523467070656031
5dc7c9d7,0.0023337994790801164
bfdaf170,0.006264879625847192
e3227465,0.8389686882665783
fb1dd7a3,0.07916072820032359
2902b6c5,0.005656060106978335
9e4acf9b,0.8068728856373937
ad2a0a07,0.6253095672793358
9cb2eca6,0.005656060106978335
34492ffb,0.3545204559143178
9c1b12f6,0.0022947764802994167
75c2fec3,0.014474529006668966
03837b79,0.1628339670558941
5f99f309,0.00692709383065814
39db1f79,0.021891512772358502
80cebd47,0.1934752783817651
00542824,0.024279731554537328
ac2c2895,0.7658791789689646
c3cc385e,0.9972362077047517
fbffa21a,0.10855603136915777
af8e517a,0.016398757196943912
cfadc57d,0.029318915064879027
6338f274,0.990640867263273
4ad5e9f0,0.1564201732459031
40677f7e,0.6530765756471506
c8588213,0.042045606982016495
0e8aaa90,0.362684825922455
b0367c51,0.009738462426041853
d924c6ed,0.41230291579936995
a1c2cb84,0.034977938728273386
84626a3a,0.992156005147461
f9be4a75,0.027164481740563646
35f72122,0.004707883488232799
77f6f281,0.8779243994050152
d15d08e2,0.9861433294235915
82062544,0.6185112149601156
1843568d,0.5160466908702341
9bb8bdd7,0.11629017436783322
ae352427,0.030363293596772166
28305102,0.9781077373482843
4cd036db,0.05525278890066141
947a62fb,0.07422881428415971
39f9fcf2,0.08633022350809713
5b2f2ba2,0.008572389574019814
06d8a692,0.9861364922679808
90c8c866,0.997639166068588
0df3930f,0.17396418682355147
74e81de3,0.9972959064174354
c85e200c,0.990640867263273
2bfd17e2,0.03204016730635894
8c49a5b7,0.2145640251416414
39b4449c,0.9965746103999258
a09113e1,0.003195248256208623
37e20120,0.9649298765474349
87d94d1b,0.05613052795212166
f445739a,0.2642284080703655
b0cdd6c9,0.08771834765167753
68bd764b,0.22128695782619245
f778d9de,0.1579462324323493
4e7028bd,0.043649224839945266
e9f34395,0.3617593626388505
12fd028a,0.9964621385562527
b05c4f0e,0.9974456372542722
99bbe8c0,0.8512507289358675
5c7d5d65,0.7673770050028935
10494057,0.005934428843015161
765947ac,0.47413183818332405
de7e6694,0.016644078442724357
e2270219,0.9238356337476856
1a9a474a,0.9333089246004324
374c9fe6,0.04468635630154177
621b4004,0.426614227295547
51c35fd3,0.11985923912348187
4e66ddc9,0.022987782370750418
98275520,0.07809322688348375
b8ba032a,0.8920329719280756
f23bdc03,0.9818574881161085
7bac1d08,0.8009370279440506
f05fbe5f,0.04267678026235081
498d8af7,0.16113156143298904
b904a480,0.5039906813501556
b0864319,0.8424162040964587
f68d5476,0.9947671491281914
04949a2d,0.9974179108853729
d02326e2,0.9569637894245455
f073da33,0.22275084080824709
ed33d36c,0.8303446931409806
a58f05fe,0.5291399028724859
e93ff864,0.0069701563176280314
1330f3ec,0.009087214232919914
4d40ffc8,0.8532240810655984
8714e372,0.01417743456054121
dd05aede,0.03466128429397827
a0045380,0.031162707257200457
de900bd1,0.678322637056867
01a44dd8,0.11095239328602446
2da9a39c,0.9904312054258932
27700711,0.9969037910078737
d45e9db6,0.9935879190257542
e93ede94,0.2450735536161507
8d55c5a6,0.9970729367632718
11ac04bd,0.0032988484363546374
54bcbc00,0.024279731554537328
ed3ef765,0.6870703398362148
e3dae722,0.7593533021821836
b56a211b,0.9199622244977042
b461a266,0.4906337651552999
990c1d71,0.2456867571583743
58d5fb24,0.8979326027529915
381c501e,0.6724497018957322
32011581,0.05260616179907297
7f85613e,0.04681199764908287
b83ae744,0.37059652911936314
24606622,0.005562208283615965
58dac16e,0.9918362423945144
9d696937,0.004302158621722724
d8a56fee,0.019076300131359875
276d5f72,0.08865661525919281
e7f63d52,0.02147248036947783
a3b65474,0.8294370198389884
671f3e01,0.7910770124706479
f5c80ee9,0.17801918610012543
166f2f46,0.9970729367632718
e8862863,0.23301995418346513
8f8773f1,0.9080299872716721
645ef530,0.9966582761717028
34e0ceed,0.9974456372542722
c2b7aa44,0.04014927919944662
63e61f7c,0.19749043407679057
8fddc17d,0.007108775033225588
30709b83,0.9973693299226015
24c7e642,0.02790759233384014
298edf18,0.1580390640417703
0a469f82,0.9380268389735953
183410b6,0.0044531823872032235
4b9aa4c5,0.14932329203817302
8f6f6c6f,0.4945786631243779
991d4bc8,0.6769150347389337
798dbc60,0.8250340845626974
31583adc,0.005692373782653357
8c28dc2f,0.3319143728682132
f9a5c415,0.027385592527090396
24ada6cf,0.12279489763708404
24a8a082,0.0637023049810049
53c0c279,0.021688059838928804
5ecfcf04,0.5209686777711207
2ae001a0,0.9968862700108889
f0da2fca,0.7210210670576448
d7eb0174,0.009784842323667647
efb61a51,0.03976907369073781
d80b32aa,0.9777751859737451
7a33a699,0.9927396990124118
fff77564,0.005677421349828714
7821b06d,0.022004884139039567
16e76c49,0.6145478414220509
23db9196,0.9485491074192363
6dc30368,0.002958906379692438
7a3aaa78,0.9975905851058167
075e95ec,0.9879084783740165
32c64a02,0.002190401432397596
12cc39bd,0.7637370698401901
9cbe23d1,0.9924635178668078
27895931,0.8783931726959138
ef0e9b5a,0.24128278018538274
b0948d69,0.019653475989299445
886f0c7b,0.25604825121697683
ea9ad720,0.003195248256208623
26d892b8,0.9943015809825267
70ad8b2b,0.004356137117139419
65d5721a,0.49037082984517644
1754e3f0,0.005387426488940576
0ce3a143,0.9973693299226015
71fe37b6,0.24109048982491849
351247c2,0.0025022378961668717
3e0af8d5,0.012825198405657073
a44ce343,0.99739353384475
96f59857,0.13209284425356388
2855ae74,0.08874504498822203
7043bdf8,0.002190401432397596
df2a3e49,0.05659344110255597
7dcbb4ce,0.08991367960182081
00f9885f,0.9656291197051992
81110506,0.36495197019187964
5f697b8d,0.15109617915684476
42d1108d,0.019653475989299445
32eb2a0f,0.6331297413945693
d2486f06,0.04071222805240113
f6ea1450,0.7660605946444894
81f719be,0.9972959064174354
66756e63,0.9974179108853729
2835d46a,0.0034681332231188667
1fb76118,0.6939511094755136
8e64e263,0.8153660984867768
52f94609,0.9751641771079356
334367e5,0.05140277785351176
0be0874c,0.18213154088623887
05f29386,0.8094477156542649
b6132b68,0.1081998474914653
0bff23f0,0.9974456372542722
514ab474,0.7631279544334688
5356f45d,0.7754632212735167
0a043578,0.5128575822947223
19108fa4,0.08027077109879105
61748b60,0.5386015345521894
71007896,0.009933980643523872
0a860bd6,0.24792116397553432
7e9b70a7,0.00951942086136806
0b027d59,0.7438127128885381
af208205,0.811497404436597
d769f8e2,0.5200443263836594
f9871582,0.011028733403232158
8af61652,0.003092143802942306
262a62c0,0.9958496348232988
4732fea1,0.06677561912620535
822839fa,0.8818780192164664
14ffc301,0.04274116117825674
41393213,0.9884107880527637
3c46d0d6,0.06312658623930674
352437fa,0.002190401432397596
2c3d7429,0.9861433294235915
ed1ddc07,0.19795669869527593
e7e522fc,0.997639166068588
891bb483,0.8480405280539637
23827390,0.11447628623237602
8df4bac4,0.7760094774957351
abbdd240,0.004501597261786629
8e401749,0.6588965653488261
9ca72e7b,0.7974915128692126
cbc22150,0.7057617251930799
03a6a81f,0.006490827835077008
e4045607,0.029137123433717226
61196555,0.24177234933420966
a8c923e6,0.006918366274896124
6f425077,0.5829736557515539
5606343b,0.3486198394266961
bf9c1566,0.20242104471277841
bf558d13,0.17857030056724757
17a3f55d,0.03990466752371711
379871d3,0.975608251600479
f74d7ba5,0.16396825788865685
f29e6434,0.024279731554537328
43bc5132,0.31119871284006023
1fddb985,0.9973693299226015
9d0e86d9,0.009738462426041853
3df4743a,0.007794951435115671
42ea0f81,0.16746445675705027
d90b6e19,0.02382143236087966
2ef2318e,0.2318869041871619
eea8f5ac,0.9404663249157867
cc9c4fef,0.42236864492666887
5ef98068,0.002218758279336169
d340a034,0.6607400973882728
211c1be0,0.997639166068588
67497c56,0.034211247165665246
d1421f97,0.060143410700026954
b8ca9544,0.005392535958048927
02cabf20,0.9951928458129503
369bf8af,0.995383063380751
6bca3db0,0.02396565443217949
19c646e7,0.997015874757827
de2c682b,0.7270256046100011
ad0bdcbd,0.002958906379692438
20ceb35f,0.1670596267859321
24b1e229,0.9922780185843884
e8464815,0.006795762045999393
2a74a251,0.08234157890725977
8a581e96,0.2542436511096288
74ee7c5e,0.9264293272493406
840fe112,0.006415082057001205
ea0191a9,0.44684554352915046
31db6283,0.03580447949779666
34daafee,0.04494509899018516
b571e767,0.005312032236588252
412ff05f,0.040558249953991654
e03d0755,0.005944746493155941
ffba6480,0.004693277843235992
1c5aaa67,0.7841837112017962
ed5d755a,0.0044234661797814
b57d5450,0.040315468278638716
95e7cd7a,0.4914772861314004
a33b9809,0.9963142793378325
a4c9326a,0.9913028260666266
f41c5831,0.6110245565581668
eab34fc2,0.6946507720186391
3e62332d,0.5238581022815654
3327c71c,0.62050973342621
c86b6687,0.3412227133527789
191e9303,0.02733205082711789
b724c9a0,0.9969903351295193
1e74df9c,0.18175034919802607
298cb369,0.07414730897633241
c37dcd95,0.9782900066601691
5d5e336f,0.01859243522607459
3046e2c3,0.19260515081952106
ef790cae,0.0823087957586829
8774a842,0.04550959538141521
81343dfa,0.2510249011141215
6c3a8033,0.011655550644073007
3a9fb87d,0.09199068661104881
33977f61,0.9968999384834806
453b1db4,0.010063770363993807
fbccb3e6,0.6576715024107272
e4ae4e41,0.6303296341231761
b90c4398,0.5027231837137328
774dceca,0.004302158621722724
16a5f3c9,0.9124779867746369
9de73f23,0.03976181033356857
8311558e,0.9974681981003025
f6b5b177,0.9954690661749088
009cb34f,0.9772175251327948
7f82fcba,0.0310181199582725
47928bbc,0.005280310378968736
112fdc7c,0.0743255314767393
41a917cf,0.9975905851058167
d561c04c,0.12579402149411048
fd925146,0.37979344689781797
c0805ed9,0.5913138107500815
95c27c12,0.0044234661797814
565dbedb,0.7386258069908125
1f02291b,0.28909311409763194
7453d2a7,0.987609231496308
cd85e12b,0.9307526297207781
be814982,0.004602893501437189
ac7c9235,0.6724396546604813
dec94e06,0.05991352374484153
83bdcda0,0.9931870745902625
98a074b3,0.9914707427152555
538ac300,0.006244973442552827
9ae87b55,0.28445543654408273
59a62300,0.035446805739970014
287a8943,0.9974879616437127
db2e4e9b,0.17504901655633082
0c93b27b,0.8392805783490699
628678d8,0.04838613136256101
bee8e91c,0.009784842323667647
f6536099,0.19483896626761005
c4cca51e,0.0057983677214366435
e3db1cde,0.17448405988889087
fc70dace,0.5846247653400404
858fd565,0.039599644426371094
77ac02a8,0.41009490324785586
538cac65,0.9973693299226015
2051a682,0.9975905851058167
aeee0d00,0.1290664973087924
73b4e78d,0.9974792235630631
127f83dd,0.9965659529234332
6c8a1298,0.04510633604937721
5e5b20b1,0.0025022378961668717
0de62b6c,0.10671606697287642
24ff871d,0.016644078442724357
f22485ec,0.3333681889706304
d0d30a0a,0.6861134740645708
f9b8b99f,0.11629017436783322
99925c55,0.0341788571412306
9f5f1623,0.9966582761717028
9bab2889,0.018248679399681878
3ac2025f,0.8123885337216701
28df2d9e,0.997639166068588
32eb673c,0.9592036017735097
e296bd46,0.010547715020156277
0d59b9da,0.020667220607567843
e3656548,0.0034681332231188667
4b10a092,0.1954191893811888
762d26ee,0.8851904883120625
b0cd2ed9,0.712234577398024
df0b66ce,0.02374829500406577
982c66f4,0.9674505335363219
d8712305,0.038714409671655306
2a0d26e0,0.9220019593245914
db6ea613,0.05188594253433826
2875473a,0.24858392359258558
effed393,0.11786442891213023
3d000dbb,0.9969903351295193
512b4c6d,0.021697046727015317
141dc189,0.02182088019795641
e28e1216,0.3696490304593045
5c105b53,0.99739353384475
e6e579dc,0.00461172567056987
bccfb384,0.9620675764406863
c4bc31ca,0.00533065196110395
d1ae0513,0.03157792426987306
5dac33bf,0.02442685116309274
ff0545c6,0.27152102383705834
1a8da801,0.004501597261786629
bf129243,0.9519571740675259
0ed9444a,0.9839449482087271
a25dae68,0.03184279595165736
09284b81,0.10778021496218453
295e8d17,0.0451324705023354
83cebb00,0.11670974042172695
b32f8dc8,0.005934428843015161
5d9f89f9,0.4363932043473735
da688a85,0.04082713229335837
ecfd8ef9,0.006490827835077008
eceb4a58,0.933877392907951
f6749448,0.09195273379259092
17272530,0.026523565727734556
3a58c2c2,0.9971529087215654
1bd5dbd7,0.03914689191818322
e34504e3,0.006614251252131394
b40690fb,0.028895502798901795
339e4d8a,0.024279731554537328
3a2ca55e,0.9795303115824566
1c9ac643,0.9928770758690233
154212bf,0.011537906648539842
a1b9d313,0.020532561701529846
44e13908,0.019653475989299445
aeec1bd7,0.032788031085909476
543adf46,0.03366322965084403
6797a5f9,0.997639166068588
fa23951f,0.4054763605310904
7721c077,0.9971938833153111
529a3089,0.9940282410070598
7850575a,0.009011296578857641
5c5426a6,0.05391831054230123
5533187f,0.01948587237199482
0f5bfb6f,0.0044531823872032235
2c5ec3d7,0.18284928584560284
f806dc80,0.003195248256208623
6fc96c7c,0.11902609642454035
486085ce,0.0025220999955761145
ac1f8e6d,0.028080957712688946
4067e173,0.9853180230963595
8db7f585,0.5315336352925032
1d1ab097,0.7725122204993667
16b614d5,0.9933981994010386
f28c55e8,0.997639166068588
27e2afb0,0.27813016341123603
41989438,0.018124424892911856
921d00ff,0.01492450327147215
b50303bf,0.06508208635132481
85fc8008,0.997639166068588
ccf47f6e,0.0036286388085407842
4f9a7159,0.05856979085373726
31e348bf,0.9965967604356905
a7f55070,0.6948885895465174
6f88c408,0.3696490304593045
bcf906f8,0.04048374592930964
d609f4f1,0.3208096062727224
b1cf9cb2,0.9971938833153111
2ad9fec5,0.004302158621722724
758a0fc0,0.024279731554537328
eef2452d,0.07141302236180411
e22d581a,0.1537631967971035
bb7fe55e,0.9971077994360575
f2f7c44b,0.7179283131618011
8cd2fb0a,0.06439636965781055
fe5461c2,0.36322138353535643
4836e116,0.0211214480513734
869f5e51,0.05032441021175834
9be0a523,0.038315784991831546
2367b875,0.027267673902592354
801522dd,0.002218758279336169
5521b864,0.005398441994493128
91484179,0.004693277843235992
38a3daf9,0.024363178091227074
4c1a91bc,0.055084212215497586
8fb29913,0.99739353384475
a971ccb4,0.9969026309576104
df609d5f,0.9974879616437127
077e967e,0.2991650659529006
eb13f6ee,0.003709799059359436
7953efef,0.997639166068588
b2e50b39,0.8642504060641201
de48fdef,0.9973554010907757
0632b82b,0.9970729367632718
35722893,0.04393993031565873
6c1a60db,0.03838743173749036
4e4d3cf0,0.002218030567165235
923cb981,0.043788230001339704
2d1cfcad,0.6713884759037911
1703c088,0.9854376091317546
b3c7f620,0.12364686372643989
3d2b55a2,0.23986763916900608
33628315,0.15748515754279419
e3013f31,0.9707965691134252
8341a418,0.009120294269083931
75f823d1,0.8571328419900681
0e2d22cc,0.04594225239226451
4a859364,0.5363937768145554
8a221ede,0.6322217932544109
4825974b,0.12526171019910598
0ed2d9fb,0.9974456372542722
6bc82eb2,0.774619233198373
be05f875,0.07087981444274076
a5f5db92,0.9782882823026844
40f42c04,0.997015874757827
fa27fb06,0.9921341038442748
bcd4f1e4,0.5825306997164548
c924a696,0.9910642137062616
7e0185e3,0.006627108160725928
92291caf,0.06536036287536176
6f20bfc8,0.004717253445105703
88c14f67,0.5987471943450533
9af45783,0.9916179443706212
c2a6ebb9,0.9667455619151084
981e50c0,0.9968680161913698
5ce88856,0.005597984694214401
f2410c03,0.04088237095991795
ea42ab29,0.14079127834536428
1048dd59,0.12318778866762999
98078f3d,0.8343260498736864
c8398c92,0.7851133878086716
e07c9af3,0.2668043371756585
72bafd69,0.0903446301881408
46e7dd9a,0.8706013246808257
74abc649,0.019256446776208455
8753e164,0.2367446412971992
963feedf,0.997639166068588
6b376828,0.9932404348875992
753f66cc,0.028271499622335577
8266d91f,0.6743481039833987
1c377b94,0.02396565443217949
4327ee74,0.005656060106978335
9f0d8165,0.006897010846608305
3d1d9227,0.9443417203736424
8408f127,0.33624557450359155
9a5b3da6,0.004430017918530868
d2046e59,0.0036343822443841802
0706d45e,0.7146713101642123
03c932bb,0.03260409007104142
102cc533,0.024920151675481502
6e693b55,0.945001472456155
8dbd015b,0.019756866363478235
6f4d1771,0.09542682539510254
5e57e158,0.10992194218067212
98c71a75,0.03201379151807045
92191805,0.030141171371138965
ece624e9,0.9890590258572901
28bad78a,0.06410197834638906
645c9b09,0.019774373449343484
2c125029,0.04088237095991795
eb74572e,0.009423044009703778
8544a2da,0.8525533521202648
57ce91ca,0.02766513317353237
1b7a9ee1,0.9604464876295955
ba190d34,0.2411285081283779
a6b4dd79,0.5913900800806621
4bbad07c,0.6469449050371988
23745fb4,0.0035671539743857895
e563bd67,0.5817777937123028
41291b05,0.9965842405955982
31c09e0a,0.10524454603636035
9d75d5b4,0.9140726188569541
744b7d82,0.0030474730401836665
dc12b11b,0.9931088140965147
523daa21,0.02246208581906472
76524a33,0.07197705110088279
d277d9e5,0.961716104383159
1a472f8c,0.9973693299226015
ddec3b65,0.301755227679684
514b742a,0.023478626151906285
f9457c40,0.041489601523386606
e848f31c,0.022329656032417322
fbab68cc,0.9970729367632718
4d51406b,0.9913758883472644
8ca84d02,0.3472992901677819
4584f13d,0.004430017918530868
56e01410,0.9857942970626634
d84d6a66,0.9818512973469662
c018e51d,0.997639166068588
18f79023,0.9974879616437127
ac17ded4,0.9952831302828159
86495291,0.07704371136940538
3a1e6edc,0.030199143009268587
04ae316c,0.895362159814631
55b72f88,0.9770347358260766
9edf0874,0.03239729803045734
de7eb7b0,0.9863358281044199
8fd16b45,0.9973925675614023
de17a92d,0.0036611311504721918
4f51dde2,0.11905828928933868
db88e2da,0.9891694695640438
033bf9cc,0.29647883629144073
2c90e088,0.02189208401493454
b25710d6,0.9118451375931531
0c8745a1,0.5340624811627561
ec09233c,0.7466551089474411
a32fa735,0.00372359138595107
8921684e,0.23402853660020456
3850bd24,0.07311181639340006
ba94b662,0.0030819179982162505
51947437,0.1197127637342256
48ef9920,0.9966152779261274
80f839bd,0.9962720457443008
d52181a5,0.9973444873802068
a07b801c,0.2375104232240853
ee59f0b7,0.2123671691560361
e93abe2c,0.9917553826037473
5c38e92c,0.0659400498560004
2f426cd3,0.02991704050706432
fa8081fa,0.014365189817967314
cead086a,0.18342270388020082
e31a4505,0.5319218974435617
366668dd,0.002344157367001496
a4f0d913,0.47476277401913025
38209683,0.0228996578365475
85858e46,0.03529231002572233
38e9bbc7,0.49353523876340394
2331ad83,0.0052120760974573846
86fb5c2c,0.1469889484286705
40a5ad4c,0.612710764794239
dd257f72,0.18133649331056378
1346d6f3,0.9768525759392016
bdaa3500,0.43481883323686493
68bc8f81,0.002218758279336169
b3be1080,0.9939136807545313
042addb1,0.759416319150262
a3b21b81,0.021281028230225377
8507aa1b,0.004707883488232799
49e04ac3,0.04319251650324296
9373b2b5,0.9963094935959218
793cdf75,0.14777410645643316
3c8b861c,0.23350311962350564
a2a949fd,0.9975905851058167
240d0de9,0.9883618594305528
cd6587f9,0.8550481972366498
2919a291,0.11629017436783322
0c731f98,0.10819489879805218
0cde1ea2,0.024279731554537328
2ba68887,0.9079450097633807
c48bcc28,0.959252592826348
06f67e54,0.005653594461161055
d0eea3d7,0.9767192512833699
91c2cbdc,0.6410181230350431
f8824e71,0.00597903700062086
da201a69,0.9386538358699784
b1763bba,0.651179784226815
3defbdf2,0.9080299872716721
03375173,0.9618964648727711
34e938ae,0.9971529087215654
cddb4fd1,0.17802635558827595
dfc02239,0.14794060666466907
09c8b4bb,0.7241078303719504
78e3bc48,0.03922042506198614
3d9d5d0a,0.9583118909688
75777e5e,0.11766968393238904
874e0674,0.022629269964779757
a2c271b7,0.04584845008051183
fcda7b52,0.02442873481226638
9b1141bc,0.008221635656038095
ef783f5e,0.07191451692794273
1ec056d9,0.14259623963908277
21848a3c,0.966952256072031
2fbd6d72,0.924111133333693
81b69ec9,0.9972362077047517
b07684d1,0.06501605446426444
da10a121,0.9966152779261274
c8c862ad,0.9640112698310432
c6255c3d,0.8991473219592047
7f7f6e92,0.69085444365186
ed77ef56,0.01646841358966012
617a4212,0.2858131949364422
4625acb2,0.0023337994790801164
fbc4c5a6,0.5949362035938555
3e396833,0.006032854397307231
07d44170,0.9838935041985251
20ea26b2,0.1884654776603803
75111b42,0.9972109167499372
db0571af,0.9329788085318167
09db79ee,0.5029365694933039
6f32e885,0.9799252429785357
d3b661d1,0.09770737550755064
997e1935,0.11629017436783322
1daa6fa5,0.17030325986970313
f9928d0a,0.9882166262823942
422bf7a9,0.9919183721417889
4bf4444c,0.3041990939063205
ef688a95,0.7841108625315611
3d4a5aa5,0.012822036029737518
ccb301e6,0.3109260423662127
2c4f7049,0.7423700549018909
fe465269,0.8707626067916264
28a3410a,0.9532320889492658
ab03609f,0.03773176058210312
bb00cc2c,0.028762828061210676
bea698d4,0.819696561856577
4bb3b85f,0.9602171774961462
81bad45c,0.7968102911800501
38160980,0.1906274332246948
aeacbdfe,0.004883119527707411
90170a4b,0.9358611783554263
98bb2653,0.17096480142034018
aaf748d5,0.9607496872269377
8e66457a,0.042863138909207954
dd02276a,0.9921643219663933
122d40e0,0.18048279294926273
c8bf55da,0.9009263018569555
fa1adbf1,0.9878685948889693
7aa69166,0.5977092315271824
dd7bd19f,0.9938188522703003
6328108a,0.8463811446683227
1e8a608e,0.20401943186749988
8b86dd56,0.2782372256724011
69a787ad,0.0496451048194016
1d3146f4,0.9974879616437127
81730562,0.006366453613021431
8a35f5c2,0.6140100443709061
61ab72d3,0.30197396470682325
044a7406,0.8761788325024934
fc3151cd,0.0025963932813474243
f36504ee,0.8847612537056262
ba683156,0.9939136807545313
542117da,0.006578281738149003
5a162a7f,0.04947486962771687
025b5b6f,0.028081368114567233
bde54a2d,0.006713799720581242
adeec0c5,0.9027100584628167
3c4926bd,0.1654019939980927
15c1df8c,0.9934694069210435
b82b4ac1,0.0032988484363546374
3a5b4e9b,0.6923360063270975
585ed630,0.02436372708909303
dd278a47,0.17389421497639956
60480549,0.0430799359142739
624c9940,0.040315468278638716
13e9b91f,0.06729789490507734
7568291c,0.9967630009123157
88163388,0.2208406252517315
b971a89f,0.8928411935160145
e3d4231f,0.03424126387987712
e819a47d,0.937215658653044
b2c53a73,0.34729426757261217
283d644f,0.7051578583039279
ebf7ad18,0.14487336924160646
60d87a61,0.8020004351569703
85d48d3e,0.9577783012192409
26c99563,0.9642095583164322
96a7db8b,0.006366453613021431
2fb2bf43,0.027721451415132027
ab7b57bf,0.9707334567600874
d9b5b9a6,0.9636961484986515
ed105429,0.9925827210768032
a4d07f1f,0.8372882997317278
f4d0acf0,0.04947486962771687
82ee82c5,0.045393314195260624
fe1a25fa,0.6115297958208422
168ea5f9,0.6217855864055902
ca4a4220,0.004778590533077607
51afbf15,0.9848836717365037
6fe1cb35,0.9967348098931577
325a74c2,0.9928638377193663
f5542416,0.9969037910078737
f616137e,0.9316570558208312
41efe2bf,0.15709769002540047
93dc88d3,0.6553919707349399
8c9405a3,0.029150252836765
045279bf,0.5836124102690633
b57b83cc,0.9666826545170037
4191b0c5,0.0035208683167870227
5c431a6c,0.29750183584192735
e24eaa9c,0.9383380027591487
3b7cede2,0.026056261112274538
4c88cea7,0.10447250696098362
735123bb,0.6120537362480121
e0863e49,0.003627835228483145
17337a3c,0.02771187830219745
cdf6bf13,0.19366980346138601
9cb5ffb6,0.6767508113168501
991e8928,0.03637034833108536
4ec88382,0.9970729367632718
1135316a,0.9325200212496828
a9c4017c,0.19483896626761005
3eb009f8,0.007356421942068628
41c8f59d,0.954147170798843
bd08f301,0.9888081116230719
2dea3c10,0.0026746164949954
21df9aa8,0.08441882413079416
4fb98066,0.6351655297925058
88278d00,0.0637023049810049
b91fc4f6,0.005078080491781991
a81801a7,0.9799348511270083
a7011888,0.3696490304593045
20797ee0,0.05250609371839945
156de434,0.9969037910078737
e3fa79e1,0.17241870432865952
673d05f9,0.812121584260419
6f1a2bea,0.16794107888137544
0722529a,0.1889744064723156
9a36ea20,0.034225544981605766
82ba8e45,0.002958906379692438
e5071475,0.03753463982410617
3982603e,0.19295527820612696
315f79dd,0.48081115876346453
38966c15,0.007046203460431185
6fc77029,0.0077192056570398685
6bbfb792,0.9185194949629538
c1f9de1c,0.21953122952098006
0448f16d,0.022014173575052264
9c0887bc,0.5600040563680798
99876723,0.9969037910078737
e9977f35,0.9057960326210516
05990fe8,0.12318778866762999
6da49be1,0.07898708817179814
42968946,0.0637023049810049
8bac146d,0.19845927191109455
52be3878,0.9975905851058167
b5d334a2,0.4629151757183102
cd54eab7,0.43574280067229293
70e17a00,0.9968544660051796
76da2e09,0.6649741518991981
1018fafd,0.07176552033202596
a6f86664,0.041055850922379594
0925e0f3,0.8254929985064738
c0cd8ad3,0.06740362784041096
08eeb467,0.06447483645635213
d342c127,0.007847288159799178
a31b063f,0.7568551823045534
838e443b,0.05322549321817256
00ffd537,0.7011197681136843
ea8ac8e3,0.023598288090203017
5739c2ed,0.15393330683729747
1827f4a9,0.06724989916576876
559d3e5e,0.9528158331071429
a6a2f417,0.02299308675993157
98506661,0.002552834190989255
54762b78,0.9779365581811307
b34b9b95,0.8480198545527878
1295f069,0.0044531823872032235
5931c596,0.023784030076616194
aa62d2b2,0.17628649714986958
3c467ef0,0.18302146928213597
d7b396c0,0.9967941017881149
00fd8535,0.9924853953219912
6d922625,0.4556283000017009
1f749690,0.5161842213243395
5c2c30dc,0.9974879616437127
4bcebbbd,0.9972362077047517
9b4af647,0.9965842405955982
35819270,0.0077192056570398685
aba22784,0.007753475024439026
d1ecb44b,0.03666882653489344
47f97476,0.9938468251961569
958f8945,0.01908321836606535
bb83e011,0.9966213097757753
32549da9,0.005544744868893603
812f352b,0.03162584611463139
a1a7da5e,0.007268016623873855
40dd9e4f,0.17000741519693402
f6911b40,0.0060924632379103895
ba21fc44,0.5248144795555515
2cd3d75b,0.06410197834638906
76b1a062,0.18331118522084855
a328f94d,0.024748703929780694
6ddcf135,0.050363614406730726
f085c2b8,0.07691965353003527
4c0c92f2,0.803313276113743
2f32716f,0.9967626213048224
f543f25e,0.013615168863958232
5e079fbc,0.9860741727955542
8d2dcf2c,0.002344157367001496
e92e43a1,0.03382400226524983
ff31a7eb,0.2318869041871619
a25a9ed4,0.003110254063098293
650adcd4,0.9678566474972523
3fad366d,0.9969037910078737
fcf7b45e,0.01861456761594847
024a495f,0.06801033930378356
ce7b4316,0.25850596686486005
aea93ae2,0.9965252853972316
56de208d,0.9502145818545822
cf605bb4,0.004527975710078255
5e8d0b1a,0.9972109167499372
58c92118,0.5122678771807659
178e3900,0.7438808863028191
05ace38d,0.009412396615017608
70ca10e9,0.5365538536866061
2905e883,0.9124402288315574
ed28066c,0.9533737759918097
a41c4e66,0.9911198910861362
ae6960d4,0.6008492764739565
077abf82,0.006415082057001205
d5ae91b7,0.002218758279336169
15d542ec,0.9970729367632718
54d6c134,0.9014824538812135
b20b3b2c,0.8103576913547876
5d0fb3ca,0.12176318312001592
26c5b453,0.24886906528197245
9a4a0720,0.9975167790630739
a82f0e68,0.9615746423907543
13c555da,0.058757558205080065
535c04c0,0.48097452218468606
4afa3311,0.6178397753276347
187a71e9,0.9974456372542722
fc668335,0.403331454891832
699e6228,0.6142683454659993
d81d6a6b,0.06350735548741683
2d0e8dfe,0.9972109167499372
2e9f7689,0.9080299872716721
92d9b192,0.03569142973039453
0350f9c9,0.9969214835005138
dab6ef2f,0.997639166068588
971c0e2d,0.788550204591916
85ff72c1,0.0215571709493491
6e0dedfb,0.5949224389814701
719ecd9f,0.007776218947249294
1f84ad32,0.0077192056570398685
8beb23a3,0.05502199680514717
6b6cda4e,0.005934428843015161
7813a178,0.4157565078230017
f6d8c596,0.9811288546596117
ad72e7cc,0.12208379998764059
36f10464,0.005662750673212116
b5bbe5c1,0.9610504916590669
93616adf,0.9974456372542722
426dc3c3,0.05502199680514717
b4a715af,0.3233718139843031
7147e6ce,0.6985223455589856
6824d568,0.9782882823026844
ef70ca77,0.7666242500992096
1d6a39d1,0.0033856275746201522
d72e194e,0.20161137687813965
dead08da,0.9971077994360575
fd8b350e,0.06312658623930674
1dd36292,0.019653475989299445
9f9360cd,0.7517496189873809
405a0743,0.9962720457443008
a5b8617f,0.9724010922909943
45b17db1,0.09677455098201128
0813f8c6,0.37638340884346055
d0cfb33f,0.8578058331837951
6f32bdde,0.0034681332231188667
24ce1fe1,0.027892665061051092
1bb6edbf,0.2629074618974624
da191058,0.8250340845626974
4ff53c75,0.07784625664463359
e842f5fa,0.9975905851058167
69e2364a,0.9862813009506475
15235cc1,0.005796093671542788
d345c4c6,0.6838266771680005
b18a8a69,0.9972362077047517
3fd9206e,0.04443693305907771
2ed7a5fe,0.05255231900010691
70fe9ca4,0.08910650295024662
13565498,0.9138978172159019
ddc3fa9f,0.9830732092306927
e491a6e7,0.9971520721872258
5b2c46a2,0.0023337994790801164
13d2e078,0.19685096004033822
f760d407,0.13164626444908042
e8326cfe,0.004302158621722724
7cd3b62b,0.9968544660051796
1969a59d,0.6179731990521079
9c523426,0.005388738020849177
18c64bfe,0.03582739989875526
49468b7f,0.6088873980243286
7c96ac36,0.7003404854430222
d5d5f209,0.4065103094116247
7244e8c2,0.9497419311489711
1c886329,0.06257923483600722
0279acd6,0.007268016623873855
39194f5b,0.6192365054537262
ab792a35,0.9912723265300377
3be44370,0.9965874945961243
215e6c06,0.9378668045841693
838fffb0,0.03390489673136663
ccf5f427,0.03238948287729526
5952b07f,0.7158834138171766
042f7e39,0.9665141380295477
72b0a22b,0.5305351570380454
0f6e119b,0.12288923095131261
7572f0f4,0.99739353384475
8dc03a14,0.06451773497989599
a6acf575,0.03223038376450102
3eac5d7d,0.0028780115258528758
ae5b5c79,0.1821706321133915
7662252a,0.9827547452853012
da217416,0.006810172532521747
e606610f,0.9080299872716721
00a92ec1,0.37158561099744986
d123323e,0.15852068615185197
b0f07395,0.005137986357303235
e91a8ce8,0.002625054483271872
66be052e,0.8762574803554124
03eec7af,0.004501597261786629
f58ff82f,0.0452603946441705
0ce8152a,0.997639166068588
436a6ee7,0.24156403688436212
7d79cc0d,0.09327282407870867
b4d31d23,0.020572592768870974
ed22dcf0,0.020351128091441628
0185ee37,0.37288336003804323
9825dad4,0.7913903594772032
4caff066,0.20382513087185483
7656d0d0,0.03469504993813093
13679a89,0.07004773462750188
e199f1f8,0.3696490304593045
499deede,0.11505745656099683
60e363bb,0.17335157481407845
04b1fd61,0.05838770683278721
b44e4dc6,0.09205846384281413
40480e3c,0.026779667424011777
55886517,0.37369695520837454
3040470f,0.9423049516819436
f8d6ce56,0.9941324087114772
d2631ea8,0.2272448280003144
e4791291,0.9973925675614023
c7af3aa5,0.9339760447620709
601fd48a,0.006104739324614198
3e8201a7,0.9937789430636833
4ffa7e0f,0.7680644463421444
e33d32a7,0.12248805152100366
31652052,0.060448098107442914
f56f7656,0.04998034893429693
b8ecb76c,0.8309923677362162
f4373ff7,0.9968162872114114
764dd46b,0.9906784490196221
903031d0,0.3195725134790756
33a3c7f6,0.020703233573441965
6f7fccbd,0.12214389577183975
c747068b,0.13154545850229998
ba6855c5,0.997639166068588
33d07116,0.004361783637019517
13e9917a,0.9975905851058167
cfc7bdff,0.04550959538141521
c2a4e518,0.020296120645709046
36c863a4,0.004302158621722724
6480ab5e,0.029808418153133683
a4e2734d,0.06592373656671809
8b586a81,0.0052266422627022715
37230b91,0.9973166097315319
574ddc67,0.037304736424791096
c0e7b7b1,0.005656060106978335
8a452c3d,0.686077132996468
93ae27e1,0.002663010271665746
f6768984,0.0077192056570398685
3f858462,0.3080856871045257
253af8b2,0.997639166068588
45432f00,0.011426002533890547
092e93de,0.009427740001757997
7796b464,0.06457809015077955
36c1c451,0.7694790716028328
a0ce9d08,0.024279731554537328
18d6f180,0.12053613008556838
8bdc40d3,0.8082490307143377
c0c11fcb,0.005656060106978335
548712f7,0.4395775580743099
721b0e56,0.9849274298740698
c4ad51c9,0.002218758279336169
d28cb1f5,0.24858392359258558
44ecd438,0.07033781908357456
560f1c45,0.41858191529002886
ace3a687,0.031087132792056403
5310892a,0.002958906379692438
490b57dc,0.8285664359184433
1495f48a,0.9967941017881149
9ae90aa2,0.4044655970335003
a4c33fab,0.9967630009123157
3ff9a8be,0.002958906379692438
910821da,0.9917345216499243
5e111abb,0.23241656979302702
cb484c45,0.02570378444279146
a84be26f,0.13392745099011258
da2ef14c,0.015011057372294745
58d12303,0.673261198080527
f7ddebe5,0.009784842323667647
06bbafe1,0.861720558928111
b22f653a,0.6111572406490526
bb9ba9df,0.9971365734814424
77106abe,0.02396565443217949
1a45267c,0.996800391989814
5bf0841d,0.004302158621722724
347f0648,0.019273974606016826
00f507bd,0.18437532148370936
bdd65567,0.997639166068588
34c9762e,0.25231883756722756
44a11305,0.997639166068588
61836ff8,0.12513972940117846
5044036a,0.5237012715814208
f499c99e,0.015332421869056099
53f3b469,0.04592254145242146
d87c69f7,0.5537793628973695
b4bf25ff,0.004302158621722724
d6fbc09f,0.9857208683732461
99ef4e08,0.28416360981897304
c654cb23,0.2599791625215463
ad288689,0.9266430727619737
1dbe6f7f,0.9603788542125276
a6ab3848,0.03090351157900308
187ed035,0.03944372644286055
c1f2b3d6,0.031162707257200457
9a26b2a1,0.0023337994790801164
0587305b,0.9528368447614401
4a1ca51c,0.002190401432397596
393d3aad,0.03490680400008028
fa326385,0.004430017918530868
9a5ac32a,0.05152217458137326
7171a384,0.7003404854430222
9bce9cc1,0.37638340884346055
07df58fe,0.03214727600701121
85f88844,0.022081547416546315
c2ab1469,0.007036563171780727
c2ea4640,0.019653475989299445
d3b46696,0.9967348098931577
a301c996,0.005656060106978335
96344963,0.7946414817777303
ada29cc3,0.27792165977754496
f30d5da9,0.13698127695920134
c39c54c3,0.033533754515751454
ea3ca210,0.04679534694182948
0cb04575,0.971549888973092
df6b39bc,0.20270117552890796
1ebb953c,0.5293704347358668
fc200771,0.3861716752345652
ee7cac78,0.04451657184955824
84fcd18d,0.7871200490048579
6b9c126a,0.9180026167595428
2dd504d7,0.00881522019029069
1939249d,0.9912103200354695
ecd89451,0.9610521320601938
37245434,0.9873458085037606
a865b40f,0.012596224119184438
414ba410,0.7470247949088056
53a74a6b,0.6508126186218786
5d625ee7,0.042743709309373
e999e44f,0.9571389277979337
3c812cad,0.5736369089365759
10420d24,0.004778590533077607
6d8e55ec,0.005934428843015161
101697e2,0.11629017436783322
c7db370f,0.44495575481578165
0159d0d2,0.09541560098278969
b79de3a1,0.8260298891731492
fd1906b4,0.7513653999293475
a7c30476,0.997639166068588
c71c214c,0.4033785614982688
329a920c,0.16007802965768558
7151931a,0.027305570978503436
d65cfc2c,0.9432576920395184
60e99a70,0.981946213049096
0db30533,0.317767365623154
f451a7c3,0.040097613418918446
276d1013,0.004356137117139419
2b470d79,0.05339463696721438
022bf32e,0.08452070690153557
a619ddec,0.03713524251797041
d5dd7725,0.009428304892160361
8349d9a1,0.021569814502566936
602d9be8,0.9059217560714963
cfdf57f2,0.3563692418825777
d10e56a1,0.6965356101051191
33ce9b25,0.42012223133181525
87e2fc5a,0.9931556707004476
be11c460,0.5522663050214232
6720afaf,0.04674200611866151
a21dd315,0.39791416961848836
5c1fcc43,0.5545036390258933
fde0f878,0.5279812201023039
1954f898,0.002190401432397596
0620faf4,0.9959637089520736
21f8c79f,0.1878699566453747
8fd85fa7,0.002663010271665746
a4f38c9e,0.038999216751639164
d6094cc0,0.17734743567957917
82a79fd3,0.07453462206116039
1f189089,0.9916179443706212
3ebdbc01,0.08623948447748955
eb2f9bbd,0.19032286990775754
c35939cf,0.9971685399913406
30fa6361,0.8830276185810033
af7b68a7,0.9352685556534205
07bf29e1,0.03505337593411596
edee2b75,0.005078080491781991
0d78044a,0.9901407070203598
6a480cdc,0.996689230847501
f01ea09e,0.997639166068588
2c21bd36,0.018381319233174556
482407bf,0.19257542538094113
d31f25f3,0.9971685399913406
ae81adc1,0.32435695264065145
196dc6ff,0.9692804458725149
ee982429,0.019653475989299445
2e211931,0.012840673569046137
5c3994ec,0.7329147991990871
86251695,0.16504412360108758
f94f31b7,0.3696490304593045
2ce05503,0.9719927966301526
99603d05,0.8376717136113674
51214b7a,0.004364461091525757
770e1a3f,0.459190334418283
7d60b78c,0.023372941547555738
c331d413,0.09962034904056263
d8ba05b1,0.027230535488897544
6a7e02b9,0.9970729367632718
c8a2c61e,0.03696308873975536
8977b7d2,0.9974879616437127
31dd4731,0.9969903351295193
ae67ed08,0.04826067221297296
daa5c21d,0.1430992911280007
42c59d6a,0.024279731554537328
66940d2f,0.665380744268466
d1ab883f,0.13172444144104642
30f69e66,0.34154389737758895
35dc2fa8,0.05797178510131855
95d5620a,0.7836945015807544
f476c362,0.033729379795266225
37356fd3,0.15655879836466888
8b016790,0.05856159217238138
e22cc599,0.04740420952695189
ddc318e3,0.12456280836101237
d2ede6e7,0.0025022378961668717
ca986a62,0.5027759657912296
85cedf12,0.006377274571922911
006655ad,0.99739353384475
589d1f8b,0.006651112699161685
d65cd207,0.34842214746029604
84a51b2a,0.9453828924689789
1f556052,0.03510098117930576
7f9f3f26,0.04514217530065813
f1cb2169,0.7003945516405494
5fdb7edd,0.8362601224056316
47906d73,0.9752215696641642
56de935c,0.5968045159516151
0418705e,0.9969037910078737
9a1f69b2,0.9973956863005522
2a95b056,0.06819830461250989
fd950286,0.06312658623930674
87dddc4d,0.7986075691676795
751f5682,0.026299209998555163
a6208877,0.9073872562668956
26a49b94,0.9675487250581281
dfe78561,0.11622128681109707
cf37dc90,0.4232563303968943
1cdc9fb7,0.5669535067742354
cd1a13cb,0.08693766996219356
aaee25d1,0.9811133137856135
4462aabb,0.9680211038006924
d47ba10c,0.997639166068588
5e79a476,0.004501597261786629
aaad61d8,0.5921518719857852
0dd8474f,0.07413731397789289
5fd9cb5e,0.23999502104121312
5c23d503,0.04551574517828878
97ac33c1,0.933877392907951
e944eb0c,0.28553837974704954
31c2fea7,0.7717155762204069
916927c7,0.9922074526630513
37fdc86b,0.44649000160191504
460c7ce6,0.029422909712887975
c23c235d,0.9447321357450313
5fb39808,0.02646314729428483
08f77f45,0.9770506345760601
b33ce5df,0.47287301218115096
dae44dab,0.0028695531975190935
0a933147,0.002218758279336169
e103cde7,0.029495705258624588
54d6a695,0.7053825465987146
1c059c07,0.13851226009830822
7ab133a0,0.03813282933602994
fbe7ef91,0.9870229591649118
b664f8cd,0.9974306426002917
0d9883e6,0.252198916393862
8e9b65eb,0.15306912157951005
0cffd12c,0.9969037910078737
28b81b98,0.5738148605308645
db881b67,0.005656060106978335
d68e6594,0.4831317212351186
e8d8b694,0.08450871469891671
93fefdb6,0.02646314729428483
f368ba9e,0.04538768618119495
fdb688d4,0.09380601013510974
c8e48bf2,0.03000202877594666
80489dd4,0.02976935870354753
7daf3279,0.9971938833153111
631576c2,0.5102886152516477
5f31a973,0.11629017436783322
e62a6db4,0.07556208064479447
e773aac4,0.30957945129809195
c6eaaf44,0.15839231197149897
4cbdfeed,0.06573971742457077
baa3cfd8,0.08182503387257019
0454415d,0.5545861649007324
2ad227be,0.7888572036816218
97acfa34,0.794627038278122
06df195b,0.0169905619667468
01e7c147,0.9928770758690233
52233217,0.6770180552417833
49af2bd6,0.02064100314018442
a327d461,0.06350735548741683
75407d17,0.08558382468123231
438b12ce,0.9974179108853729
645ae5b9,0.16686532579028704
9a18bb79,0.16225082341826852
6246f2eb,0.9909284906414557
ac7abe28,0.03567699775657292
ded88989,0.18068056907917673
5bd60298,0.9937271707046584
a86c009d,0.19513308428533332
5a909ed7,0.04196883457545296
498b1d70,0.19946797385755333
ff554306,0.014161955688802977
e75c268f,0.9973693299226015
c2b6ea9a,0.11629017436783322
4fed39ac,0.3648488563957025
b160de23,0.997639166068588
7bc94a10,0.9933974173875268
557fa940,0.027465581931688056
7330ebec,0.06782956520962394
cbdc8684,0.004356137117139419
571718b0,0.9955314627687806
6fa1201a,0.019273974606016826
92c45fd4,0.005313092765771682
b05ac09e,0.578794379981775
e31213cb,0.22704729119412495
6d83f1fa,0.9026561404170603
b8be9081,0.9934191318265277
ceb1015b,0.6486628773388807
1a9d07af,0.5239282619454648
5730593b,0.9974681981003025
d0e0769a,0.014876564779753989
ef4cd33f,0.9850114580056115
a9f0bfce,0.9881409521577333
6eb6db7a,0.8289691075171509
27a55cca,0.7631522690705749
1731c7e2,0.0707472666272177
410b8b48,0.9974879616437127
e3f1fb8a,0.045616826688810244
d056afb4,0.3843191123439023
908ea05d,0.005222312531107814
16641e2f,0.9974370581499974
36799b97,0.004365381160202998
b39b75a0,0.17526572835757154
ad0f9d80,0.5297380756080464
c850637f,0.15393330683729747
d1db3550,0.6402702678702633
5618e33d,0.2817785539767012
952fc28d,0.517836038791565
f084666d,0.38201107837061554
9a323fae,0.3482345304766867
487a491f,0.006565091781203515
6fc37a92,0.9544720131258557
c9035805,0.9257989395229009
b07ff3e5,0.2318869041871619
1e143cc7,0.6819790700606259
d7728546,0.8848166318492826
4465c81d,0.6088273462234375
0e6a9039,0.4516947615141699
8dd53ecd,0.017935524323815552
2cc9754c,0.014750498031525167
cfb33ebc,0.004768620063558276
901e501d,0.334634688924145
7974f9e0,0.004768620063558276
0295402f,0.0131247413175136
779813c8,0.008522381734841978
5414d6db,0.5709307115252521
d7685413,0.07466018978163777
eed136ee,0.9910428249454439
124fdd55,0.6797810791197321
eb89dd1b,0.3158141437118357
b30e0f1c,0.12304909584735255
c88b183c,0.9783701903259194
fd445fec,0.8523103733643959
cd7c6b72,0.8948574739389142
1de8b629,0.9871732117911026
9c1fdb19,0.0050631428487307095
57aaf462,0.6336713537862473
92a82791,0.021879642274893925
ad1731d6,0.917861812162997
370d546b,0.9741743603382306
afd2650e,0.5567245217079825
36a63721,0.04793214923167326
f585c733,0.002218758279336169
dcfeeb9e,0.26237734579725186
b7ff5c4e,0.5306867056731059
c6f5de01,0.6267164564269797
c04debb4,0.9921785953917981
116042a7,0.07660772458617919
af5a6b11,0.8859140029866296
b4abfb3c,0.0578548861780136
590ab851,0.9587690146528631
b64a4e77,0.4628748492231356
a556844f,0.8718696457736623
0d95ae93,0.5055127929151296
41fe554e,0.982100141222098
cd53f478,0.6210733198810591
5179da5f,0.9473453656955447
6bb0fe6f,0.07780929711255462
6220c437,0.9818541582702277
0dbd653f,0.5074696480452482
568cb045,0.1831807971405011
d995009c,0.227911174725632
642b385e,0.9597710347494315
71d3a632,0.18824456711647208
5bea14c0,0.3825906619712414
f93f71f6,0.11810017839196355
358d1a3d,0.0035806294160627464
c5ccb9c3,0.0030474730401836665
e50a21b3,0.004778590533077607
1ef6093b,0.7962666376157372
39fe7551,0.05919670398372558
7adb6654,0.13150606514549326
f81d65ef,0.21502453209881472
3efe5b77,0.9811554547211323
3b808011,0.6894749235122315
5548a310,0.9803369448752765
27ecac74,0.0037371607975360197
1f919bdb,0.7756454782080616
5e2a9fba,0.016604755416843447
1af71c10,0.997639166068588
cfe8292a,0.002218758279336169
13de6cfb,0.009784842323667647
8527a008,0.2727284232371547
ea2cb748,0.1332938480421771
59c8e628,0.41715764864575056
cb0dabd7,0.11448481357715194
252a1428,0.9975905851058167
748f6818,0.028449414686373808
c1f6d798,0.9161093470537136
c3f00499,0.05960286764041041
9c6f118a,0.005312032236588252
45929da8,0.5261017484668236
898c7fae,0.9064609966595079
f3c80771,0.9543159696432035
9f509f53,0.948054736322776
b75abd48,0.9905571306169222
4c1f8eb5,0.019653475989299445
89479dfe,0.022757546475636103
b1adf547,0.004302158621722724
491a33c5,0.25593793058812586
63d74209,0.895346604801736
8deb9e54,0.9970729367632718
cdbe2d82,0.6555570784946692
873746c9,0.1140236045373034
0ea15ae1,0.053629381151851195
0d8a4416,0.26496953945662866
ea5a4ca0,0.5872001999888903
553e3ccf,0.3568577626610868
a7c42516,0.5988807399123157
01c8626d,0.03419435850511611
eaa5ea1d,0.23077535545349517
3354b404,0.002908689248016752
7efd3943,0.997639166068588
5f7c2889,0.004707883488232799
46f4795b,0.6399047767884529
826b68f8,0.09796993956012598
0da0f8df,0.06281047343416428
2be03067,0.004778590533077607
d1aae77d,0.004483996413947564
dc54cd9a,0.05502199680514717
ed79b9e0,0.08708132072890651
7d7f28dd,0.040918228878417076
c7e3b605,0.6766844637453797
719c3118,0.5625261980344727
0330fabd,0.04550959538141521
153df8b5,0.5966862532557752
ea31b4aa,0.06060789312455842
f49efe9e,0.08539367503012127
6e8f3231,0.0031571915469565297
9ddbdd18,0.17547438440801255
ce8d5993,0.9863512959466659
78694b5f,0.019653475989299445
7ce53b17,0.03667683190690269
d34692a1,0.91284850950971
09eaf589,0.9807098631649189
20ddda4e,0.9920445804783669
f9367691,0.08803889728299494
a3ab9675,0.6721584934001023
4b6cf474,0.5965166866702509
e5325727,0.9969037910078737
1d852abb,0.002218758279336169
9a04831a,0.28129737523027193
3d649a62,0.9970729367632718
6eea5452,0.020103669773061845
00ab0e79,0.018809465951940843
c4995f6c,0.7991190532108027
fe4f35f6,0.022987782370750418
ae0cb17c,0.010915394345393348
b5c0a8d7,0.09132447230758123
5c75f79a,0.1020977000808511
4654adb2,0.6580966109824691
a6e5f7c3,0.9935495400169294
701e01ee,0.023013430553358187
ae085d31,0.9975905851058167
790b0373,0.32649582835740376
db5503c7,0.0730855374367552
70a0b79b,0.9951328643138394
8a4b1ef4,0.796769058383975
7a191e5d,0.019653475989299445
39b8a344,0.997639166068588
663d4614,0.02247078393178649
34a34c98,0.9679813749792657
e3268863,0.24452998720341013
9acfcfb2,0.6873832979438398
be75a9d3,0.036358628073230065
33a10250,0.020233678903800876
df6f0a1a,0.018683229926567825
b22b41ca,0.07271473282581001
63b0417f,0.9971520721872258
ef196ca5,0.002218030567165235
463a3c12,0.9975905851058167
a885722a,0.13475203023652754
c9dc1dde,0.019653475989299445
3be23f0a,0.17591898711185394
23b0f6ec,0.2492974793904766
28a51df8,0.05976212341611618
fd3754db,0.030123482697970133
61bdc71e,0.004501597261786629
451e0c96,0.00692709383065814
8a5bea3c,0.03807880055341618
c3d4cf89,0.997639166068588
fd483d0d,0.9422822034897089
2cef6ea0,0.2953390593372983
eed2553d,0.03600970020104814
714eb501,0.10747694643622015
727f3c8e,0.7751519846267345
8a2fc1b0,0.9967630009123157
8bb8d22a,0.013098789855352863
c5bccab8,0.018809465951940843
9d57016d,0.29219980982000754
9a1e1baf,0.15624744157448456
4cc99c33,0.7040059511574563
bc7d09a9,0.27567774357375874
e1ac06d9,0.26020796683152414
4807b1dc,0.7159495161811495
2159db5e,0.015292447126279151
3498032d,0.045200991237087325
7ff96546,0.021776753871262166
299fc11b,0.020986061844146912
117e4c8e,0.07879958692595726
d889af5c,0.06243133695995549
e7ff258e,0.04742907190841232
5ecd7e86,0.9919281952968344
56218bd8,0.4427613037100831
5c31b278,0.023142362999772743
407c36e4,0.9974792235630631
4f80c5ae,0.019351143190215747
e12e79cb,0.15165669145712407
c22b661b,0.9922995607844884
7c257605,0.7960701243804167
93b9022a,0.536051462719751
db545946,0.005102599695893508
9c5e940f,0.3446729387287314
e8691b08,0.6286100238350354
21d489cb,0.9541604485809382
2a2fa136,0.9974179108853729
6893773f,0.026635995233813447
42e404bd,0.9812351095203613
5119d0e5,0.9896283687719134
c12ddc47,0.8788978117959327
1bda7c0c,0.9326787073254271
2b889b52,0.16871994738860416
b633f63c,0.0228996578365475
530b4d14,0.07643943589390505
62e4d584,0.17637604530357748
23ff149e,0.5109032106494955
314c8817,0.9965252853972316
7db9764e,0.9973166097315319
870447f4,0.018233207640537246
b2a90145,0.06358760028835202
42c6fcc4,0.014412453897266305
357da83c,0.0038295146314478597
38f74628,0.3941447256716092
d346540f,0.024248238478395922
7251aa80,0.8542959879426352
33db85f5,0.9080299872716721
7d1ce92c,0.02766513317353237
b28d6544,0.027564339683802085
f05d5127,0.16804074769406788
3dbe3fef,0.25293998416968727
a1e755a3,0.45720022954379524
e11b2444,0.10732191634017903
31f4983a,0.9975905851058167
7fec7850,0.9965102425389976
9a9cfb7d,0.9974879616437127
32dd3a45,0.0700242490269116
e4932a0a,0.9031437333968763
55e23db6,0.9702431118209102
5f758ce7,0.16654145180143504
69636010,0.05181982913610685
91279e7e,0.3462635996485238
5aa61a27,0.9968626389378024
574f3570,0.8205723885998856
b640d965,0.13103154366712313
302c0f47,0.997639166068588
9abb92b8,0.05422582204635
6a20a8dc,0.10582879350598891
5bf1e37d,0.011842062791494317
235e5d8a,0.004789554066723397
480d9ca9,0.5432908823265182
5ec8536d,0.825726528545473
189e5ff2,0.9960620653750357
4a551183,0.4054447026747211
cd0a7daf,0.019640637109677183
b80eef24,0.28261017084038736
56384aab,0.7863084034241782
e9ad093c,0.006904898084855946
e032248f,0.03266597527060765
035dac20,0.9974879616437127
2efde225,0.24974307992688355
2f503829,0.9922995607844884
78da45b3,0.7721729676705124
6eb2c666,0.002218758279336169
6b6b2143,0.02691331930415659
d1b0961f,0.22272958423827274
b7641d99,0.08240821709558059
2f09646b,0.9971365734814424
bf903ec8,0.9523823013344188
b9451857,0.3385754380122718
85c0e746,0.04902800582110154
2c65c944,0.005656060106978335
8df24b53,0.7725122204993667
946f585d,0.0996880317942899
4d187d1c,0.9973444873802068
8f59b824,0.0032988484363546374
53e6e6a7,0.005656060106978335
1e556a33,0.12713932092198657
033cd958,0.1006095271431493
9642e0f2,0.013351560050533182
5fac2f22,0.17996397091464372
3f90cff0,0.909541629955633
8ddfa6a7,0.997639166068588
318d0cba,0.9922475049053674
9c6435e1,0.276373550909738
5d1c2a9f,0.06724774481588716
9e5194fe,0.11810017839196355
974040d9,0.24437696187308605
37a38dd4,0.14439190283576528
b16cd8f7,0.9933352633718304
3e926bdb,0.017725232231258086
75adce8a,0.3941679613389667
d434b20e,0.39245765338490385
dd981ea6,0.004372865666567532
112e5ba0,0.10097130008456257
bdefeba8,0.04505673688716266
0807f91f,0.0029859755325178537
b0319480,0.024279731554537328
f19c8091,0.9873458085037606
ec6ffd97,0.9975716776080397
59ed8944,0.3405795508779032
8b0621d7,0.980883203919066
6c196c47,0.0026746164949954
19b716fd,0.7222399520564186
43d74816,0.030754840352823776
b6633e9b,0.6804764806754573
7f40acf3,0.9080299872716721
233b4e97,0.024806691343178748
e0349ba4,0.6607400973882728
23e35590,0.006033923182977226
0b0ef5fb,0.997639166068588
cb777c92,0.9636912989061965
c564c06e,0.9891926881479242
9676651f,0.020360906381470308
c3fe7e8e,0.0304724474216575
c1f86afb,0.9971685399913406
be746f27,0.006543127477045581
5ff26dac,0.8572289442907357
502d8486,0.0047944494783208015
ffd11140,0.9932404348875992
ec91a927,0.5746486571846091
e95c3bf7,0.5277370956770614
a323db92,0.021788220847920058
440673b9,0.48349317498476607
636199c1,0.2698761484686122
5501052e,0.997639166068588
2a16a4ca,0.003195248256208623
81545a1a,0.8088694186968602
aafab85f,0.738502153964345
8af5c7c2,0.9974456372542722
0355bafc,0.6563966257030625
4dbfa214,0.06585249526292392
d77dc55a,0.5918930456757929
9f2055af,0.9839009699214074
f0d55d48,0.5762042278969319
90763668,0.8191083167588479
4a8ceead,0.6624074455041274
ed9d45bc,0.9647920018568635
3572acc8,0.002704116826902829
b15f2208,0.0028459358339046003
fdde402f,0.22904303539973467
18159361,0.6093260110582721
063a823d,0.8573408044171356
2822a402,0.9885352170342141
57f97b1b,0.006518928876736775
85569d1e,0.025774757482530764
2fa26d7c,0.9926264348588546
9ae6662b,0.02666150757555725
6664c6f3,0.9429758497191092
f1d5f4cd,0.5939619693047485
a0527366,0.024789674540406804
bf395c98,0.013763529129265917
cd40f817,0.17689490041330086
f50e51a2,0.03246426987966067
6bf53445,0.026429929637432226
d19cf897,0.9619688796673866
fa32c209,0.7016886295353106
754c0dc3,0.9970729367632718
cc3b820d,0.03246614615480201
775bb37d,0.997639166068588
4f00728d,0.7109556218430111
64f40f4f,0.026309366189941768
a74ed0b1,0.19129164721722072
30e5a007,0.9920866502791901
30a14ca5,0.30975395971945174
b09d9462,0.02442685116309274
576d49c1,0.06518042955901289
4a73a2e4,0.7378339158509609
0ccf1580,0.0032988484363546374
9ef1cba6,0.18808637541841633
91067ddf,0.0461524006225188
fb4df4ec,0.02842061691831823
4cc6ca45,0.005934428843015161
54f6a8d4,0.0023337994790801164
2ab19f40,0.36962857978899855
0f71601c,0.04223389984536124
36c4c51c,0.0058436130923941645
438facae,0.997639166068588
8b2cfcbf,0.03865775042109086
3297bb69,0.006366453613021431
a8d7b2a6,0.09137293129488755
e51a3e36,0.0075888428438196515
7b1f61a1,0.0063863424702349045
6f67cea5,0.0037882449017736437
20ab2113,0.004778590533077607
841b0fbc,0.4519653690122203
cebc96b9,0.0029703503862637025
290c52f9,0.17865912530698208
f84b54cf,0.827010876833608
38bca38b,0.9043280923907335
897dd562,0.0063149157341758026
41a7e3d0,0.03152607389327452
199b40c7,0.9909284906414557
86fa3e71,0.9911217549318383
8cba3613,0.004372865666567532
2e5f9ec2,0.6922895958677644
52bb812d,0.8428855230750549
dd1cd424,0.9890534719708146
776d0d5f,0.028964253423336982
24572e33,0.004348548388422466
0e59a338,0.00692709383065814
6e169f80,0.981946213049096
f87d8e63,0.9932404348875992
0da9cd13,0.08329465371480549
19433b6c,0.8570462239563277
1bb53e91,0.0513380813540813
bab47b87,0.0482444529660462
e4a32e74,0.20112437509403264
bbeb5186,0.004135832752511779
9ee17369,0.9968544660051796
d01ee27c,0.036598708223811595
8c9a6028,0.002218758279336169
5538de9d,0.026564368604246845
c4113ae9,0.11218465107502702
02010970,0.005133578632098057
043f5f0f,0.5873507372203852
7b429a21,0.42307287951650985
a2f40d29,0.02603456654722654
67e267e9,0.06507429087988607
dd559bb5,0.976991233101316
66d3bdb2,0.3317009746720241
6d3da6a8,0.968651211138711
c9093683,0.534520593143427
905d75a3,0.997639166068588
c5e2724c,0.0976148205149226
cd465e95,0.997639166068588
5e4a09be,0.9974456372542722
d9fdef94,0.9073333580979108
c9f95bec,0.9932748882182281
229ada12,0.05638457490643535
21febdb4,0.02428900069327957
5222ab3e,0.7820278909695476
58069f33,0.004356137117139419
bda8a5ae,0.01830670452278355
b3344fdc,0.019653475989299445
c4df7702,0.12026991185218339
fbc14cd3,0.09662353408731925
d38a99af,0.7539422329194314
2b6aa421,0.6898679923552592
64cae9d4,0.0652430952954878
639f9a9d,0.0032988484363546374
d40c8e65,0.07522152378416823
b3422c84,0.013910000308780415
5b5be415,0.9918362423945144
e68eaebc,0.9972104878846972
a39374fe,0.9969037910078737
899c2993,0.03870873054162368
ad57b179,0.006490827835077008
393d5ef9,0.29597733910500656
1c2bbd5e,0.018248679399681878
484d4357,0.04202282351849908
3d7d8393,0.06590513215899513
6f4fd52a,0.689799302436079
f9623c77,0.9935342059498694
e8f8a855,0.5120672190580688
21b79488,0.9968999384834806
2635c830,0.020017120741705866
26a2d5bc,0.007549638190097262
0541ad6a,0.037516237550872134
76716885,0.44218218940687726
f6bd6e5d,0.029162791605267996
27f78020,0.02429059372584716
981a7597,0.1438553575146783
7719d6d6,0.846774607572302
2a3f2098,0.061037871314567504
f1f693aa,0.23449109262426265
5d649be1,0.6793621011402583
43e7bf60,0.002190401432397596
4466df43,0.007456261845227323
afe641c9,0.9937271707046584
d596e5f9,0.936089580927935
f21e5bb1,0.9278868898926269
ec507dde,0.02153808825128708
d22ce0c9,0.9967591368271875
807d6fa8,0.7297036242655206
dd1092a0,0.15642629472852154
65e924d0,0.1031493356081938
64925cc9,0.160402405714684
af3870d8,0.008221635656038095
2e8b50a4,0.022081547416546315
0680836e,0.381753321682123
f92e98b6,0.997639166068588
82dce2d5,0.2810110657933347
bbc49a40,0.150703336423071
6bcc9a9a,0.6447111895981507
b157a2df,0.004778590533077607
de367d45,0.8706871309941594
34d3bc6b,0.014161955688802977
bffb70e2,0.005250335240468259
93a3dcb3,0.9964551257478916
1e3b9f43,0.25239620886747605
855df1f4,0.1711747345266362
5d70db24,0.9960620653750357
3ecbdc8c,0.987429334454254
7ef4ad7c,0.9103871913721656
a5742686,0.996979691441938
f46f8401,0.9898272410048536
91b58100,0.7631522690705749
ac09195d,0.9968544660051796
85f4371f,0.003984372786225943
a219ffb3,0.9915537225716736
df1d9d52,0.007233560623976801
d2872e2b,0.009598220655539938
1776141c,0.6948865321442371
ff7f62c3,0.9975905851058167
000c65d7,0.9911217549318383
2a8d9798,0.9931317553049344
009b8524,0.03246614615480201
7c31e45e,0.6226039481856966
2da8860e,0.9848836717365037
6db48d63,0.9140286786021343
7c779a8d,0.6001859136224892
7e562396,0.5184740242911341
eceee516,0.909744361555638
d38ff143,0.144414350977272
add832db,0.0023337994790801164
824f12bf,0.386535703542077
c5c263fd,0.4112162161920535
d2777659,0.8792698042387738
40be9d39,0.1188141783740427
0f21cdc9,0.17860104599146562
ec887e17,0.6250208235741567
626c27ed,0.6056741114094633
794812e8,0.5066877908026381
26368e1e,0.019653475989299445
0632d4c2,0.018800698146952476
7d106b3c,0.9975905851058167
b290c2de,0.9403046088141676
8d0a9fcf,0.997639166068588
c849c18a,0.006295502785651205
b279fa8c,0.2959261494247053
0a3b2b84,0.013378367130708507
3dde172c,0.03390489673136663
dc11abd1,0.002218758279336169
73f80daa,0.9971077994360575
0fdbef09,0.002218758279336169
5c705535,0.04051729144772144
3fa6acd4,0.022451705788677945
10ceea51,0.5907637209643989
2c1e4110,0.1954191893811888
a82250a7,0.3153073391485526
0131902e,0.02047606087209662
7315262d,0.966952256072031
bfaa6345,0.6366430962018693
60e553e6,0.023313030361630405
d03f3875,0.9845234471374302
431e3297,0.37550533278807585
c89ec5f8,0.6580131551802352
2c3ad076,0.2457686727667902
0add7d5b,0.9515458044121882
812da773,0.46120751873957067
b95202ff,0.1188141783740427
1732344d,0.048643604635706834
014a18a3,0.002190401432397596
cb670812,0.9970729367632718
1330b99a,0.98067639743132
57004bda,0.997639166068588
d3bc3dbe,0.06350735548741683
68886589,0.11663475931916605
3e789ded,0.009848134625541984
1239d05b,0.00533065196110395
863592dc,0.8166582675431616
cda7992a,0.9807397932874183
bac18341,0.03357492832033261
8c41f5df,0.009784842323667647
a1e2d96d,0.022980353234663933
ce25be93,0.053853675830211264
ed401a55,0.9822113373849349
830ed2fa,0.99739353384475
5dd2976b,0.01383159436460959
8a7aa932,0.005836304649658104
62d688b7,0.06312658623930674
c370f6cd,0.9965130216069659
4476a9fa,0.9642792264945486
b5000d9d,0.035851586007328407
e6e48f21,0.020703233573441965
4490259a,0.7046511766040507
8e9a9ba6,0.9351037912398054
a60a76f2,0.030128865174434045
2dd8872f,0.13698127695920134
34be90dc,0.48865167855030467
84699fad,0.019052550908407243
a21f46b7,0.2457159355704778
bf706119,0.02180018705113747
03df4e82,0.05711346764108223
2a350068,0.058928909622437374
7797d58b,0.016596671806769263
68f2ebb0,0.0023337994790801164
17b78e38,0.42649968030255814
712d0f68,0.9901547754392613
f1bed6fc,0.73913157120774
252d1b7d,0.005934428843015161
e9369d53,0.9815835285884245
092be9de,0.9169810034182901
7a7ba280,0.7642028031414023
6980860c,0.02099955769720191
3c98cf74,0.00844974175268121
ec2fecd7,0.9124402288315574
13737c2b,0.981946213049096
304e95c7,0.20284461351728106
316e541a,0.29408210822116443
e696a7cd,0.30174254502791864
f9a2418c,0.4500515921954105
837561b2,0.008352699339672672
c7f86e18,0.09412765154455145
fdc61b0e,0.9591411901296768
cec1a1c0,0.02413057295200704
04323f73,0.5309685258999528
133f9c36,0.23601137785080825
3d40623a,0.2251413336528289
c3fe4b4a,0.02442685116309274
40f01258,0.9790325121611717
fe54efad,0.16380379619066582
4579e618,0.9460072453119561
94c47d85,0.04969123615782058
d51e591b,0.0044234661797814
0e5531c1,0.023115459449217394
a0ccd85c,0.8669425774151819
ddca0720,0.8851904883120625
7eca5639,0.0032988484363546374
b8d82900,0.9250693276950074
e5da81c9,0.035252450318455676
0b3c5024,0.0066451918086029614
2653ffef,0.276784303084736
a8504ad5,0.9974879616437127
e529bb17,0.9143118063084655
4cb24ac1,0.4948572118291944
97318f8c,0.002218758279336169
b8ab1305,0.17768089394573802
063ee47f,0.09697118216019507
e662090c,0.3244515126109096
1cb426d5,0.017267024305068168
43eb3098,0.02988905115576785
dd7e8169,0.19169719162052823
8982c58f,0.8097582560513328
494e7dc4,0.03270495196755971
93e23093,0.03441696725911898
e0b2d9d7,0.007422770226320023
9ea80baf,0.3774122060962458
0d317dff,0.00692709383065814
ad3cb796,0.26449253302669046
9968357e,0.9794869423391888
714136bc,0.08413688608953081
6886bd9a,0.17996397091464372
65020efd,0.14916603278619983
a1c3f2b6,0.04079022508072542
8f2f7a67,0.8413056912769449
cbcb0906,0.6412005439216022
87ceee74,0.002344157367001496
5fbaac18,0.9656693329778516
4b4cfe5e,0.9972875358674085
f78ce192,0.9228033008938314
63a7919c,0.99739353384475
45cf8efb,0.4980731601366856
d7279b5c,0.23210838633766007
96219f69,0.781209862615464
07a7d1cb,0.997639166068588
b45ff5a6,0.8714046445674626
b403be3d,0.023501144610701553
bde1cd01,0.8227768148662908
1284904f,0.0034681332231188667
b3afc33d,0.17981260537129368
f6bfb6d7,0.01505267785209236
2514a2ff,0.9951646057412098
f1152c8d,0.8170418609158732
2d3759f0,0.9394675039966511
39428541,0.05530489210614716
e301c035,0.26180421958943006
c328fa7d,0.7492572410602394
eb2ec22a,0.002218030567165235
b10142f6,0.06272474235431372
6560845a,0.16791593750361705
34cf6c2e,0.15538475621590792
d2e243a9,0.9971365734814424
b36851c4,0.06063281198410828
c29cd887,0.48425742524698095
cf58fabe,0.7849094911346317
5a767585,0.06132776047575398
ccf00f93,0.22108201317568027
d76a30c1,0.5888479475337179
9e9a3cdf,0.09195273379259092
5a22b396,0.005662750673212116
b2ccf007,0.05699749917897645
c0627c4e,0.004707883488232799
4cea7513,0.0589667720093659
46b7e766,0.9882292383246
7dd2e705,0.021951943141794723
9b9de48e,0.005078080491781991
532eb972,0.006931746528135908
f7eb9c96,0.9974879616437127
65aebd92,0.038762016782607434
05cc1c4b,0.01902528424024978
b8bcf757,0.22215708136984175
5859bb0d,0.06679772498887347
402c8097,0.024279731554537328
c273b8c2,0.006747119525846114
6cf3a92f,0.8878814552884368
99f3d5d0,0.8283543496401412
33202c30,0.5398049745882724
d122fb35,0.06886857264735016
f25d2571,0.6654715799874078
37bfbb97,0.054277471182271095
de100d54,0.003195248256208623
b50c0c81,0.17518502096466143
1e53abdf,0.9455845606615629
7273e453,0.04014098458051822
5af04e67,0.03257517610794329
512ad335,0.997639166068588
8c1c53c1,0.024350187885585985
02244ba1,0.9965842405955982
a05c1b95,0.9080299872716721
fbbaad60,0.4096680915982264
ae7d1d4a,0.6576549098156128
d9e4a1f6,0.9563689884120288
39d67227,0.9574893611980922
9e956fd1,0.9595187001023506
60f1e916,0.061643410299921764
282a7a79,0.03997961146943994
c49a338b,0.014286605420656278
cd47e542,0.7149621774530666
28776b6d,0.07028377923289485
c50b4fae,0.29850585463854473
31562c35,0.03292260834609757
07810e42,0.9974179108853729
a5867a1c,0.12678911498219886
8d9b544a,0.14190530863182255
3e9e332f,0.9969037910078737
0a7a65be,0.032765333824235944
4b74ca89,0.563767309352244
569e7b43,0.9973925675614023
e12dc800,0.02246208581906472
dcf5d1f6,0.019774373449343484
5c9dd487,0.0056547512431210254
8105dce6,0.015526810038827138
7aa54b8a,0.99739353384475
faa6c9a1,0.03234919362501663
9000e3f5,0.12600791012798912
2b627b79,0.012705284864681282
afa6a6b4,0.3412227133527789
c933ef30,0.023030371435154674
56e71a61,0.11967325642914442
9c306201,0.6286870412142573
0ff087d4,0.9972108643807811
450fdd98,0.7200346071659016
1b3d7f6b,0.022980353234663933
d6890f6e,0.0186533861318937
56fbf33e,0.007105031050366241
e4531d8e,0.0023337994790801164
f6f853c3,0.08132185897466003
5cce7568,0.9128912100726188
809385f7,0.0025022378961668717
7b9e8461,0.16565802427301463
ba8ff1c9,0.09969336069260595
96f397d5,0.986310929197183
f1b0bbbc,0.9958807286131428
8badc503,0.9048372489998806
f42e3d96,0.07166992035498475
b10f9bf1,0.9534573636385076
320722bb,0.007355161235854507
0c17b03b,0.9644423819298382
608344e6,0.0044531823872032235
2dc5067f,0.06350735548741683
709fa11c,0.005252326527701636
2dec781f,0.15356673226523226
4a47f033,0.7757386571345833
26c16cf2,0.19423520169047795
1979c352,0.0029972559085079805
0924cf4a,0.008420930154029876
4a8050c3,0.02590091927503137
33a9c441,0.06373740629845784
dc99174c,0.024983956405961166
5fd2137d,0.002190401432397596
3abb60a8,0.16947912306736027
6b1a9a3d,0.9854027803984812
a95c942d,0.886331395233267
c5f50937,0.016644078442724357
f22b4233,0.04954289954712686
6ca83f92,0.981121049283795
372543f3,0.5052150862024753
288c0d0b,0.022608239300282145
c4e0f4ca,0.6122189937506538
a48b8a99,0.05525278890066141
dd08b33e,0.9921167407824466
9cafb81f,0.3726055517805971
9e184f69,0.18960749863222232
1550491c,0.014161955688802977
6b8ec4cc,0.9960620653750357
eca23fdb,0.004302158621722724
613e0d3f,0.006651112699161685
a8c1d9b8,0.0044531823872032235
76df7930,0.16538790160812003
17b73e9a,0.0565538147814203
19f952fc,0.9961664410988152
9eb3e2fe,0.9879169705473956
29b0389c,0.9973554010907757
41eb958b,0.0698480689048031
67b4051b,0.997639166068588
c3ef46b5,0.11352020107390096
72d99e50,0.043400141527177805
9462b273,0.5322811610062006
8439d63c,0.004501597261786629
4d57225f,0.06714586915985449
b7168e6c,0.005992813389734402
ae3f3417,0.024799049223946667
47ce5914,0.7282280010720831
a95fe2a5,0.021913947347844284
3a806707,0.03923768776340976
03cf3246,0.9956816076167587
1371983a,0.007007410551293833
ec93e295,0.005773038393220774
f2f60019,0.9970729367632718
25294475,0.0635196035004892
e51df3e8,0.04303495332754455
4bcb5e3c,0.033623999939734764
6631dba6,0.0963408453516399
cb1d8cef,0.0023337994790801164
4bb08b72,0.23775417269158652
d56e5087,0.03313246975443357
6b0bb2a9,0.5641370768238194
d86eed09,0.9569068378897405
f4500be5,0.004697040720302514
e7025d21,0.0030474730401836665
ad9f6603,0.517207237377791
82959da4,0.5186655247953007
16d1d072,0.15019250546136184
41c821fe,0.04566936368773828
9fd4a5b2,0.9971938833153111
bf714041,0.019348162161417406
f788bd4d,0.30069262304899974
b8133bda,0.9485686305906335
15b71f5c,0.02250460581951614
211b3d47,0.8179029163743191
b432a702,0.9921680588036457
36cd8d29,0.997126301528579
ef765b98,0.01215951552388185
c6c5c395,0.0539944554686689
f03dd4f1,0.9966701348353357
3e62ef55,0.004501597261786629
2320fb23,0.004707883488232799
e77b9e3e,0.9153997087537237
722b97f3,0.5086579391672398
58497fec,0.004707883488232799
ef4dbf15,0.09604048257487202
95d9a8af,0.9904491719660562
ed48b54d,0.12770148734430675
79c657c3,0.006441914065134285
f39cea00,0.9689584534381019
7972f356,0.019774373449343484
305ea4c1,0.005836161687074451
51c0401b,0.4289738327019812
b98a6d50,0.9347678291315109
b361df36,0.8778215508740963
d3766217,0.921703635519663
622fbba7,0.2422555715085934
e2fe5935,0.47690235655202995
cd8df73c,0.04294682063214102
405e10f9,0.2483754549696831
aa63053f,0.49869007366345797
a34f1db3,0.33926246023866713
d32ddebb,0.997639166068588
2344ab30,0.004635551720425202
f8c3564d,0.7728981940185282
036fca77,0.23885516361614206
db94807f,0.03366922842479618
36517371,0.9331819624153684
4554331d,0.9453828924689789
8b63eb3e,0.9893823396971382
feaba798,0.13659899641778744
50288dfd,0.38354789751024576
9716b928,0.9967534342619133
e000424b,0.03190269863610888
7b04444b,0.9974179108853729
75ff1e55,0.0094630772652121
75320757,0.018248679399681878
b4d560e0,0.997639166068588
d1ff2cf5,0.5598300165796058
8e503c09,0.029176106092344972
97d6515d,0.018237552332917847
33e90645,0.996780315791043
7e64b350,0.9924853953219912
da8719bc,0.24049409558681506
f26ca735,0.046900059997418524
0619baf8,0.9638203823392899
8c609b88,0.5651304242902422
4eb57c85,0.03405265583814534
af85fdcb,0.14037675324586582
0eb57288,0.9811769948158705
b69eefe4,0.11086945901392334
7dc02559,0.7945561408288457
1fa5cce1,0.997639166068588
c0a43b88,0.019653475989299445
882abe8c,0.9966490429432444
ee82af65,0.036435860781788364
7952c2f4,0.04031737042215597
119fd1ca,0.004430017918530868
4fe8ad85,0.022329656032417322
9411364d,0.997639166068588
86dbc3ab,0.997639166068588
dcc18b89,0.997639166068588
9d1d53c7,0.7397709509718726
2b92b3eb,0.9689553026109345
896fdd87,0.9824153067455279
fe6fde2f,0.9974456372542722
023e4966,0.004302158621722724
7ffdfdee,0.20181532327904642
d9066ed6,0.0637023049810049
78f4b160,0.06861053286584447
2e6fe0b8,0.007519636899814788
1fb25351,0.2846623441335829
2a893116,0.005562208283615965
11584d88,0.9366143486343862
23069939,0.042546054393688026
60a943ee,0.9975905851058167
c2369d5b,0.006897010846608305
cebb5462,0.047052317922501904
c2a2072f,0.0025022378961668717
2e82c1a0,0.019653475989299445
a2dac6e3,0.9194896024610685
69d00d7d,0.03547182813499426
c75b6421,0.012762760465399045
d63df78f,0.9528552647039195
efb0d6e0,0.06466552709821835
1757853e,0.6634019257637472
d50e91a1,0.9970729367632718
ce9a8bbf,0.30691932865489024
e825d860,0.8609867681953063
60b915f2,0.06719025129364282
b183f03c,0.9976007193123761
f9c14f07,0.6950791840173067
a20b2307,0.064552995343311
74d3c74f,0.5068602406702868
4f34bb03,0.9974879616437127
b962d9f0,0.04882939687888766
33ee19f7,0.9928316588956208
493bd1d4,0.6256282831798512
393c5fc4,0.3461365688410938
1cb1a88e,0.025360310004919034
833e9810,0.09304420276342604
24147445,0.02978966333733484
44e3710b,0.49699975452373996
f5fa76a7,0.0336647050738225
c8f3f41a,0.9888237964635941
b3d0e29e,0.7194156375252385
909f6e66,0.5830205212749723
f707cf37,0.9971794708545818
c49ad298,0.6518510659876322
d4c2829e,0.9480517766460903
52454074,0.048899686858400966
5246904b,0.9025568751652034
a33f6584,0.5795844734013912
ffda8ccc,0.9973130767013352
93ad617c,0.7631522690705749
a55a1291,0.7889984537695521
63b295c9,0.022382738410759946
6d10ee76,0.4363011222062415
34e578db,0.04516428439282736
c7213f71,0.002218758279336169
2807f551,0.997639166068588
4ff77dc0,0.018412664444077114
a5f18921,0.6727689395947722
859b5855,0.002218758279336169
5f9607a0,0.019774373449343484
42535261,0.020523149489618264
1ea3b75f,0.10525065006629064
0f965906,0.03331058248786141
858e1216,0.15945029373774117
3db119cc,0.9917605925142088
769ce627,0.014881181797708915
bdc8e845,0.996979691441938
a20d5802,0.006415082057001205
ed2808c7,0.9971365734814424
dd64b6a0,0.021547577213354117
d2f81c70,0.9080299872716721
444939af,0.9428952155978285
76910bcc,0.9966416150207003
cbac4103,0.8675635269126335
2311fe60,0.05286574036504945
deb1ff2c,0.99739353384475
6cbb8f13,0.04406423059451557
3b8e98e0,0.6753663906459033
25632b0e,0.997639166068588
7e73164c,0.0032988484363546374
9509d4ee,0.9822184035241385
d90afb86,0.18466873093899622
88f2f9d7,0.019957104987493972
ba6e8bee,0.997639166068588
8b36e87a,0.006031972919945914
09949fd0,0.9831501228286335
88b59f9e,0.4819793663108888
cadeac43,0.6440474118225826
0412b3fc,0.059075755095078564
9c2ba9a2,0.116506842045395
d8e0991b,0.45697984317911783
1656b89f,0.044409445242659516
3a89211a,0.5419652842804469
008ae7b6,0.9974456372542722
543fe4fe,0.49803067950744484
d216759f,0.03384013977170003
990cb7b2,0.2153127958575975
d40ef22c,0.005329361929487165
0baeaaad,0.9922586240167555
e9ca1585,0.025498251364347045
1b2dab8d,0.9966701348353357
9ee784db,0.45517171108755416
40ed79ab,0.9875221434287773
cd7b3958,0.035812933427912884
cf218f9f,0.13857165041134292
4846e6dd,0.9807708915192735
e57a5747,0.9967095373882271
c7635482,0.07785704465176159
8499a8b6,0.975436556622169
0f496adb,0.46406227003603
c2f88f5d,0.5110724773225922
44fb9c40,0.005250335240468259
0e724ce5,0.99739353384475
60a14363,0.026016927144864394
7ab18c6f,0.019774373449343484
a44024d1,0.10539905179309879
1e5ece42,0.019462288537960754
bf1ea11d,0.002218030567165235
f83a50d9,0.06765515832915661
4bc441fe,0.9834528611626905
df4c3d4d,0.774917014806022
eedcdfa9,0.019065837271209217
c84036b4,0.9630166036567754
f3433134,0.6707091033980996
0c8c0264,0.2741737894558284
a32229b5,0.99739353384475
bd25a04d,0.005154727421370272
abaef3fb,0.6619371779051726
5825ea8b,0.9973439865986309
11a5994c,0.11505657876856028
1af1e879,0.07821502092810839
02e16760,0.5803897573557679
063042ee,0.00573463895947901
bf678d3a,0.011566484752938148
c72b03a3,0.9971685399913406
489fccbf,0.9629104824625637
a8be00c8,0.06350735548741683
fc221a63,0.002151378433616896
f3407f84,0.7981822052175696
e5ae3f07,0.1578699226107067
c53773fc,0.952942394732619
031ab1a4,0.9930487579890016
a3c53504,0.03908030174698823
92f057c2,0.3260860205198487
58d5eaae,0.0037371607975360197
35129901,0.04519379289477142
87a09b18,0.5560565268749367
63114bd1,0.05534707214969871
c3651409,0.22451221944439084
f8f61b1a,0.019653475989299445
f4670313,0.9965746103999258
11fbbefb,0.05562306781570893
eac508e7,0.053933281397971475
617bb453,0.004991541233306104
716d90bf,0.11327694474340966
f84176d0,0.7938069263252585
a052bd55,0.7847008208362283
63ae575e,0.0077192056570398685
b5ad415f,0.9941130051942114
d348f53b,0.004707883488232799
89dd1cd0,0.9189390176073203
038668a3,0.03836394338980745
59125dd7,0.6741684579079411
899c69db,0.6606529387450878
e31a99c6,0.4382242262459018
f7b1bc5d,0.9975905851058167
5e8a8d70,0.06312658623930674
1960bdd7,0.4744244325710184
30d97b84,0.004778590533077607
819456f8,0.9452612488447321
f727c2da,0.1302699914172984
39184457,0.8599815456568718
bf1fe0d8,0.9080299872716721
5c2671d6,0.004693277843235992
8ae69ad8,0.002344157367001496
7e638819,0.9974456372542722
a7050131,0.011924925043806111
0a22b0fb,0.004707883488232799
a1e8b217,0.034181899733560075
fc9c3328,0.0859917057570706
4bc041d6,0.024548992534630505
1b0d2130,0.03709365445232389
7f4d7b0b,0.14336711562825938
3d1d6f7e,0.03335108378539377
959e75eb,0.14013099173119384
1ad1dced,0.650318162203998
d85dae3b,0.0047944494783208015
b637250b,0.40429271245192977
be0cd038,0.9496056281022829
9d30da78,0.5405036814050093
6a5cf775,0.9975905851058167
bb6cb447,0.0841670842686319
3c62ba12,0.0037371607975360197
b6a832de,0.9970729367632718
8e1adbe7,0.16045164904830506
df4bf06b,0.9849274298740698
06dcde89,0.02528071129660896
53c7e5a2,0.9974879616437127
0cf99072,0.0044234661797814
61c37e32,0.9849609035252784
669aa532,0.9454925741329694
3098f5bd,0.22906425710861736
d2da4b5a,0.060786345401777596
4365b72c,0.9975905851058167
576f9042,0.9968999384834806
d7755d98,0.03487728791843014
fdafc64d,0.9166718840919434
c3a9e7af,0.6854824422277496
f490f5f7,0.9085257106683224
f5e8ce37,0.005847415432666576
5fd731a4,0.9078370606816819
e0e39772,0.37853511773751014
c8fdf0b3,0.3697359126532869
442822f4,0.9968537381707631
daf3ae6f,0.2593873788683966
8b5e8d8f,0.27500484720661517
5125ced9,0.017631209470599107
23affc84,0.4605091026362566
c0b6a25c,0.7958580299553407
ab586332,0.4564992062835883
9b6380df,0.997639166068588
ff7c90da,0.9849274298740698
e95a226e,0.4232412378019905
8fb00e3d,0.9010807938760763
a649a30c,0.6238333962240373
49304997,0.005656060106978335
cb5bb8cc,0.8250340845626974
b33ad82c,0.020360906381470308
8e5fc7a6,0.9973925675614023
ebfb9e7f,0.9818938675740535
3fa5e095,0.009023430938102192
983df30f,0.002447742958153843
414b72ce,0.6366430962018693
d5fc6c94,0.5171231110747199
5cbbe683,0.653270719702037
49c071fb,0.33555142181103176
a1ecfaac,0.9724099234028083
a08873de,0.2739243281575475
e9cf140b,0.8186358953308671
f2100290,0.1238785464257434
6053e05b,0.997639166068588
fda42289,0.14929921470972704
e626e0cd,0.002980316172149931
7ada2266,0.003797040622885433
b61bcad9,0.8186358953308671
1ed64396,0.6373048372096473
d4d8ba4b,0.800707674036258
682761b8,0.0037371607975360197
97330e2a,0.5572799423158076
a6938667,0.9972108643807811
7a12e6ea,0.35206426013350545
2f84d5ac,0.12478823451888052
6ca448d6,0.9969037910078737
aeb77851,0.9116347177895247
edcdee0b,0.002958906379692438
f4c2e188,0.9360953087498773
e38083e9,0.99739353384475
0ec46cc0,0.3359049022984921
803f0434,0.06643850945996668
9e967657,0.9076838907865097
4f582624,0.23210838633766007
7a5881fc,0.12661651321362527
cbe1fbdb,0.9899934423370323
335316a2,0.986844981858976
7f184339,0.14775660595832757
8c0c97b2,0.46010156103575833
3971fb62,0.006490827835077008
683e3a25,0.004778590533077607
c4f25315,0.06349964060571255
6bda1e84,0.002218758279336169
a4f6beac,0.997639166068588
b87c14ca,0.08359534616465265
f5a47a9e,0.06778152208240291
8fd3e024,0.7559766683672262
bc3c5edc,0.005656060106978335
d4ed1d02,0.9933352633718304
475c32eb,0.32320303275288975
fe63da66,0.002941135487859338
95b97844,0.7089052686156065
588457db,0.997049843776842
202a85d0,0.9245388950958182
8b080b73,0.7911422325607281
bf72c641,0.9892077856344621
6395379f,0.006740562710714185
dca2ac8e,0.9960513856334365
02ade848,0.0028369762877405737
e1ebf6f8,0.028281152039144015
cd24a48a,0.2605576930553206
6fe4291a,0.35444928644169255
26a305b1,0.0768808615896746
99335942,0.05746890687138543
59567cb3,0.9969037910078737
dfca2df4,0.038829024853353766
cce9b260,0.04292255597406288
f571f77c,0.9902449191171436
667fd5ca,0.00597903700062086
6738b336,0.005329361929487165
71793fb4,0.0032988484363546374
39cb5ff7,0.7870047927809402
23ae7560,0.9972109167499372
7a628f8e,0.007716485609595261
7370d461,0.030031019279343575
5c52a67f,0.3243078613837056
d0701833,0.35878623373749907
ba467250,0.013165512671785218
0f0b3626,0.034966934848692115
1d60ae20,0.12105425558230402
d6803051,0.2704625893727591
eddfbaea,0.99739353384475
72a1da13,0.9757441864672639
429b5bd8,0.01974845538053513
af64aeba,0.8190588927961654
3729d54d,0.019653475989299445
567110e4,0.20112437509403264
08722319,0.1754026923467435
989c1077,0.022443320035465193
fcfabb31,0.18144815003432863
9a5e3092,0.5760460805316152
277874b3,0.779125946200569
9a719efb,0.014604483525135593
91859da8,0.9963142793378325
09e1dcb0,0.9429311682550757
b3c8706d,0.9279759321183645
768678ea,0.023022087585689528
5b8a853c,0.1532223178335851
7d4c174c,0.02246208581906472
fb374a1c,0.04682770795962252
6b7c271e,0.04857981736885915
470544b1,0.02646314729428483
3a100c3a,0.10933384492135004
26a986b1,0.028297861290567765
4187a727,0.9247590021165785
5f719a57,0.02832699310089353
80439f2a,0.029738769302521294
9b69738e,0.981946213049096
8ba9d0b2,0.5930901690485275
f2755c8c,0.03595699872496803
0eb2ab99,0.8591045417479215
9f58abb5,0.0052885552854616226
c49479eb,0.026308717497788126
b111f7da,0.00526693840639287
d77a99f9,0.12478815624035519
28a518f6,0.6402296308894946
47fba6db,0.09187540400112051
bfc46767,0.007127585142110429
91497878,0.0023337994790801164
6e3a6b81,0.9967941017881149
03073f58,0.002218758279336169
d81998c0,0.9488661076286358
fd390d03,0.9849910344653374
2d62fb65,0.18108403531507425
67e1688a,0.0819823970074347
de597a59,0.9975905851058167
e8cb1640,0.987744142653263
e69e2e7a,0.0033856275746201522
a9990ac3,0.02338581091830422
8d2521bf,0.5164062258939366
5fe4d054,0.06494229620251306
4a4e930c,0.024132811763357694
45e5b3b6,0.9654915846082777
0339508f,0.6818737401725666
b1f8b455,0.04298236527377138
42010646,0.024921499200551284
f92aa9ab,0.908339761762752
cb72cf23,0.052012462009097704
e888aa2f,0.8048300459846887
419e7359,0.6087434036627698
ee269908,0.9584532956389633
636de916,0.02174464201947914
94b2c4c6,0.23958461386215602
4b6595b9,0.0770048882597498
e9c12cc8,0.0036386402793302615
883b0169,0.6272450060479476
eb1c6e29,0.08987668102036825
2c2927ee,0.05433326485705755
8e886ffa,0.997639166068588
dc0773bf,0.04947486962771687
5867cff6,0.95957862131851
f57925ad,0.05422582204635
94d0cd82,0.02246208581906472
1bec6dc1,0.007268722996749764
d45c0160,0.0047944494783208015
30db9c88,0.41695951095189426
830524b2,0.17607086506927352
bf17a9ff,0.8057425475513158
a47df70f,0.03343804187052931
b0350179,0.5696117833063439
e67324cf,0.024539560856035134
eca93842,0.45124324605647004
4272682c,0.3043761154940664
e995d519,0.3061919305766253
5926e1e9,0.5556435101492904
810a6479,0.8459904072150881
fae790a9,0.6260604347237066
80a95752,0.9975167790630739
d2d35acb,0.8829588359517484
9ab5aea1,0.05906349314636981
70c4d5c0,0.02134228673781722
9e867ab3,0.0039665829660920455
6c64e674,0.052424521109052866
8bf2117c,0.95108523953495
8156d1f6,0.07581975830485141
451aab58,0.9966152779261274
f4915691,0.9821032459491736
c8732742,0.683416517835929
ef5a30d0,0.0069682643718501245
8f5e6adb,0.5645083674109179
f70331cb,0.5027497264938746
05aab4c1,0.17030432252219324
567612b1,0.9970729367632718
56e14d5c,0.9848172462973455
d8f7dc99,0.0053073084728672126
e75822c7,0.005390585928965446
0c7abdfc,0.029575258774536074
659b4323,0.9967630009123157
ed10f1e9,0.38367651945387987
740733ee,0.9805265498858248
fc23ee7f,0.9927855990714068
c8a90f69,0.07737274332311196
f68a0b0c,0.41359242075911995
898bd792,0.6976569522309666
58fd62b4,0.16427494369985987
722c9621,0.041338182968544315
b1bf23a1,0.002704116826902829
904ba730,0.044003855346114853
7b73e5b8,0.05306429583259269
7bdb9c4b,0.8729590266083929
78997917,0.9900585198654897
0a35c8f4,0.002625054483271872
c7caf6e3,0.011095807733802485
d4b5848a,0.9922780185843884
89d8ff9c,0.12137390053217278
dfe48429,0.0228996578365475
88036fb3,0.9963142793378325
bfe1a622,0.05782943313969324
e249577e,0.064552995343311
af22b75e,0.9382229086133693
46e7febe,0.0023337994790801164
c3919b29,0.16116939747284825
793d8073,0.9794314901866115
28efcf1e,0.9922833361874499
5ec9020a,0.035780533614098456
95045fad,0.7826699145364403
b3c95526,0.9822361569828342
732231e4,0.8229552849235026
0c032586,0.18291486618152994
2918f5e8,0.0637023049810049
6a218b5c,0.07318989660026418
93d0a4bc,0.5226969692838953
c2d53e5c,0.020987949708220557
cd9621cf,0.02248056222181517
ef82a428,0.02759968945670263
57df28d1,0.03834103384768055
1bed64fa,0.7132634250979331
7c25b1aa,0.1238785464257434
62773983,0.007859097287059658
f107eb25,0.9907896582532274
ef3f65ed,0.42374693945925673
c4569d14,0.0345996759869665
fd9b9600,0.03107837614560441
e9533ebc,0.02802188200789126
ad9c5631,0.01971899696010713
10b4880a,0.7104266346561043
555ed646,0.5721398570775557
64437ce1,0.9968544660051796
46d2e429,0.7581015026173759
b74c0801,0.42424011017328145
018ef379,0.6431540650218056
f0277ba9,0.5187039547461028
9fae5555,0.038551816568577826
919d5d91,0.41146985846419265
e536f138,0.06138434923590894
1e9426f6,0.12401130872991137
7d706daf,0.005078080491781991
91321658,0.1515116337409847
0ad456e2,0.014524907070721987
234ea63c,0.01153558657261712
2c47f0f1,0.3947985707285235
bd3b65b0,0.003092143802942306
007e88fe,0.9699406038698877
a9ef7ff7,0.2498732935232831
e81de2f3,0.6648129137187877
559e33cd,0.9576132930812176
2ae8e605,0.13347057088669556
e85767e7,0.7643041375019839
c6e00bc7,0.9975905851058167
117bff87,0.7661063751142416
63caf442,0.05771251757352649
f2a3bc01,0.8734069879284883
98ae9976,0.1999356358984087
870fe9a9,0.31223591581080934
f26162ec,0.1726381621147095
4f64e8b7,0.023802099991299182
edfb4ebb,0.9481751614975913
f26a1cab,0.13271907051611553
7779f2d3,0.020958202420106507
5affbd7b,0.06350735548741683
e2cfbaf8,0.8950311810814888
2493d428,0.02757939227918446
bd244a24,0.1312933635014602
bd6e1de8,0.13944893213252418
1c5d2d29,0.9826657500114055
7c733043,0.8900092956271202
5baac3b9,0.019066942540776614
f2bd2202,0.9013201922793594
07b5725f,0.0766630091239662
49c34c2b,0.0034681332231188667
0ff2bb55,0.18342270388020082
7fc0c164,0.04288257218764341
43672c9c,0.99739353384475
e42a68df,0.15546267602354033
a2105a5a,0.06350735548741683
f809096f,0.14345474152614104
9271bdbd,0.07817887687590816
f6325ff4,0.016522212729729167
8c8fa174,0.8351228803470356
73123b99,0.9968749672026259
6a39e42c,0.12707727477668043
3b48046e,0.04587940426063283
654053ac,0.7011337379282414
be4c28ee,0.05107862480712141
dcf74f76,0.10700567169494365
b70aeed3,0.6355483984238914
ffcfa9a5,0.002218758279336169
3dac794e,0.3336849284386021
d7c323b7,0.01505267785209236
0f94a2bd,0.06668182203671626
47d85b0d,0.1699299745097989
d72f01b9,0.13902304990629222
4ab903be,0.9936028027242221
be97d5e8,0.3722941562468545
81aa3b1a,0.05353974650156603
bb8cc074,0.507715848289974
f6198826,0.21328166410514013
5170e8a6,0.5869376329982058
2cd7908a,0.9910216931111109
a8d53417,0.990024478507037
a37c0466,0.04241894913510748
58797cee,0.03291031877746716
8aa6cad9,0.9382984864290762
860876c4,0.15307049040700754
60997d45,0.99739353384475
8300c85b,0.49970538693082434
d634c24c,0.802481713854793
c686b922,0.07954666763313943
eb5d249f,0.49597405317378557
fad60575,0.03865775042109086
fe38a7e5,0.8847362676302037
828ce573,0.009270615764685085
6e5291bb,0.15642185156157457
32c7edc2,0.9544091048062306
406183b1,0.0023337994790801164
6f4f30ed,0.9972959064174354
98ba1bcf,0.9790325121611717
1ae37792,0.9969037910078737
5f6c7c82,0.06350735548741683
57b8bbd4,0.04753675830365707
9e318b32,0.1559897856896857
93793fb4,0.005329361929487165
350330f5,0.005656060106978335
0512cf4e,0.9968544660051796
2dd888c2,0.997015874757827
e9ab6802,0.9594177349622436
6ba3d53b,0.6532848373566178
e2e4e3a5,0.246590293715645
4efdc060,0.0565538147814203
81275d70,0.23092829633730946
6880fb9b,0.0637023049810049
dba35ab1,0.006295502785651205
92189fd2,0.6153907890399722
44c51bcb,0.023455105113178693
4a47d661,0.8501829362539179
0ed7ce9b,0.37762281623849187
6dcf61d2,0.10851252426985299
2e4bfd68,0.08161378120923096
758d69dd,0.004382475342358415
2e37b1f6,0.9138978172159019
871684b6,0.997639166068588
99941ba3,0.9552144721995408
9daba64a,0.09817807867712805
adcf8232,0.7800215824214276
42f7b312,0.009277790250394397
676231e5,0.7210223411730354
72057e10,0.10503446383549797
b505f006,0.9941926724187716
3cb356fc,0.7772369716420081
3d389fdd,0.24523163456178138
261971ee,0.004302158621722724
e2641d1f,0.9889596432446144
731e7edc,0.9662238765268594
d65568e7,0.0701782189067555
ffb3899e,0.0228996578365475
b8698b3b,0.6700662661441376
7781fab1,0.9974879616437127
ca44def5,0.11810017839196355
9c7de794,0.02813391776793688
c1d98da9,0.9972109167499372
5cdd4489,0.12414692068350322
b032fd59,0.025226908015691163
2cd45708,0.20112437509403264
bba76c69,0.984436420776059
f29aadd3,0.0023337994790801164
9e4fff1f,0.04744266412578041
a78b9ce0,0.9445578665746961
13b9060d,0.9811769948158705
4034a06f,0.5286543277762507
a8a21d88,0.1120394948517078
85132d0a,0.020870947914960986
b0d24c1b,0.9080299872716721
402a6874,0.5510293669855802
f63c5527,0.004430017918530868
ac0cba3c,0.05139312374706247
3c04f0a2,0.0637023049810049
ddd29804,0.4821881136405744
ac528ced,0.2568306205591326
1796778a,0.0023337994790801164
e4bf0368,0.4803402493362087
c33960e4,0.7966531544586968
1e2c8443,0.006415082057001205
6cb8e3e1,0.007007330424026387
599e264a,0.7821590583793238
e49c9384,0.03090351157900308
a89c9c32,0.07168392333133755
ad8b7385,0.040061495467540675
c16491e2,0.9659680149029359
f8ff7fc9,0.03401513902655476
f863fa72,0.9679169034545814
1c78ea6a,0.18067704243333005
60164c5c,0.024475871617427866
92a260a2,0.41503425644620906
0164a090,0.02083740531785188
4c70cbfa,0.024203068277030577
8e7788b9,0.06838721672457145
9b490a7d,0.18743187716569798
fd21f51b,0.15154646691768922
0ca33c28,0.041072086797959914
71303ae1,0.003092143802942306
00e0f58b,0.9932619963060951
06565646,0.9961787657304013
6dc06e16,0.005482496559061672
491d748c,0.003195248256208623
df698773,0.9869560358949059
71fb57be,0.48772230089473007
aa9d68fb,0.057329745311398186
c9e3efe4,0.16746445675705027
8b84e775,0.997639166068588
5d38fda1,0.9975905851058167
ff98ebea,0.9184003110837061
286b0003,0.025319615187071615
950daf5b,0.02020312852510827
f42aa55d,0.003503928989306449
df113670,0.02918327026603238
1e4a6eaf,0.9921643219663933
07e6cfdb,0.9600489250860912
101f8ca4,0.6604040702169109
191e702b,0.04088237095991795
9a7ee937,0.028910034042916775
4e6714a2,0.9684557344857924
f6876b2b,0.003799450797205472
496713af,0.23732091201826444
ffb31998,0.17843389424905645
f08ae08f,0.9974879616437127
aeb6acb0,0.1081998474914653
ab6ba011,0.0023337994790801164
a4e00e21,0.997639166068588
cd662f15,0.40598822633410603
76f5ae5c,0.3696490304593045
1ef75921,0.0026793410055601726
74f0a140,0.17843389424905645
e6296f2e,0.9905824970478072
b8405bc5,0.25843500261556585
d3dae2cf,0.017566646877235706
476046da,0.9913497744967232
429bf1aa,0.03048097555566262
ec9d1644,0.029338566986791038
5983dc5a,0.7126944122201583
7357ba16,0.02356577240159021
3abb4b90,0.05501753657728202
26281875,0.1015871156785515
a2aeef3e,0.6926227155205624
578648f6,0.9974792235630631
e4208b85,0.03157692185086003
41d4f132,0.20401943186749988
753c3933,0.018290637530528377
f6ea80cb,0.03917495578603851
6e030fe1,0.12980193269900336
7c52f032,0.6606529387450878
9532a83b,0.786813614164906
fc9d020b,0.41807254145614525
a3aef74c,0.11505657876856028
e69b1437,0.99739353384475
ad1fa7eb,0.9692666456855722
83c08ce8,0.008420930154029876
d73a9880,0.038990362846003206
1f0720e2,0.019850830477155197
9e3eba82,0.010537125269327116
9958b690,0.9964978841037695
979c09c0,0.05074252385164957
90b5c79b,0.997639166068588
2ec1c625,0.08500015596552332
ba0d029d,0.07761979120924359
b17ea8f1,0.3112732312918475
bb9ef990,0.9890835639436435
42757256,0.13704380764240462
2aefb4a5,0.8080130629320511
45ec4f01,0.0023337994790801164
8141cbcc,0.01868357675600611
0ecea03f,0.03269386686096039
a429ee89,0.020351128091441628
dfbd015a,0.002344157367001496
881ff55e,0.08034226538764323
c011a213,0.9911163090910386
e46ff53a,0.9104714832707463
a96ea24e,0.9972109167499372
ad5a9b3d,0.005375542754378563
5f32f71d,0.2355284740032392
364b255e,0.7430125005083099
96e8a0d0,0.14244964398858478
a7988f7c,0.22074379507527678
98c1fcf2,0.004372865666567532
f319110d,0.9905085841847885
94c86544,0.40345537534614523
5985d00f,0.08862900142525897
9f4c3348,0.9974456372542722
02b94d6d,0.22052936718729935
f240bc19,0.005390585928965446
8ea27427,0.024070672332782515
5df642b2,0.9922780185843884
53645390,0.04058453305537911
f772b2b8,0.9965252853972316
11195073,0.6663711502465655
1ded661a,0.00459883885420447
e5e57e09,0.9112824241852577
66732393,0.9325609385051108
df04397e,0.9818505754265899
41b28ed5,0.766746495790871
54ad84ac,0.04939220791504494
c4bb7a6b,0.012443544986856963
84001c0b,0.5435832908471134
1ee45ac5,0.003959242280418078
a692bac1,0.05171394405753118
1c7ab297,0.5068444134795418
6861e701,0.6768250531115406
7f67da88,0.054154450691878867
d0907b43,0.06516257288773072
95faf284,0.696296494780072
56f8ca7a,0.16538288321782396
a6b173dd,0.0044234661797814
9c155bf6,0.9969903351295193
3b29b387,0.0077594417007037396
2de3e9b0,0.9924536307142482
47a5d5ba,0.15136677938744728
550d358d,0.023058477301631988
b5f7418a,0.0371329562475591
13df7721,0.4133951406434906
76d8137b,0.07722728295965273
5684f9a0,0.46202384100287797
f694253b,0.2495209492891996
b0507ac4,0.7762341581292549
7843b05a,0.4476939498843294
b0f321ca,0.015146080924975764
473aca2d,0.47383222660856605
c237aafe,0.10191182252461255
670a3e87,0.9973439865986309
1b8e9764,0.0044531823872032235
866477a0,0.9924768215805451
7d7b8346,0.7689451020746716
a3e80e82,0.003943063783227793
eb199173,0.9902702871126351
9ee763b2,0.005312032236588252
5570b338,0.5193460682493793
b4ed4143,0.09472016707841188
d5713ee8,0.23783957178404108
7321cc37,0.16381824351525714
980df031,0.05525278890066141
8fbf7718,0.9975905851058167
4187cccc,0.6582909646273671
e04791b4,0.6614621228847665
94aa89f9,0.9962896350526318
1bbb5e1c,0.40141661678018403
c75bc51f,0.9033582948835871
8ab791be,0.4816824992789611
01e907c9,0.029162791605267996
14b4658d,0.06521817258237045
0debe067,0.9672825490258671
f04f12c4,0.6657721376426389
3a9cd9c1,0.006635099896067645
c466dea9,0.9971938833153111
bd174bbe,0.019653475989299445
0b06101a,0.015508128690636069
8b4ff6c0,0.05597354161459086
dcf6fc96,0.9044726580198287
5667afe2,0.19281116832999076
22dd4cea,0.11468830929548272
322a1461,0.9970902188983064
9303895f,0.33309569115894394
bba577f4,0.0033856275746201522
54b3d053,0.5584341199894192
7517b1d2,0.1688352683364021
bdbc291f,0.49327307518750496
2cfa68de,0.9812351095203613
e9ba1d90,0.9916236823635682
037b468a,0.9967630009123157
d5917e8d,0.9919228776937729
e58c09ee,0.1356837115556641
742f0592,0.9972362077047517
cec40ab5,0.15240962276588588
69a032d5,0.9887038227091549
56e54895,0.9974456372542722
04b4b85b,0.9971105843321248
c4f3f493,0.004455916114076174
8492002c,0.7880643478141822
fb5c88b0,0.004635551720425202
34967954,0.9620030469326071
15047c95,0.9000730230937986
f15c2aca,0.234160232943997
5349e066,0.12661651321362527
c89447a6,0.523554978568501
806cb219,0.9474694071708303
631b83e2,0.5119366569503637
e2fb192f,0.01715796087506151
7c5a220c,0.9975716776080397
eb69e65b,0.9888955651800909
e7dfe99c,0.2955828994662403
5da4d5be,0.8698939342736889
37c01d92,0.8683708129017214
59934611,0.03142752429462122
bfc10313,0.6332982800344622
2a413437,0.9957050450477014
8940d7d0,0.01267953092362106
15f807a4,0.7715834463063589
66ec0f68,0.9975905851058167
c63a39c1,0.8987998238148587
daa7cd7d,0.9974306426002917
5d6ac086,0.01591438698597481
bd388be5,0.019653475989299445
0e903cc4,0.9974456372542722
2093be43,0.9631848142234842
03ba8825,0.13586589079891742
91ef2c66,0.958984791667957
4bf24947,0.011114967043238454
29ae42c2,0.9974456372542722
a66e134c,0.0679610786265554
17341546,0.007747545380877985
d7ad081c,0.006472412223478957
50492347,0.019653475989299445
28d8a600,0.6669515326159872
f3c20147,0.8868873462610971
8f01526b,0.005304834502620506
a196ac29,0.8424049919895286
74acdf08,0.6800172341686587
c768b8d5,0.9097679092475135
f7ebab0b,0.004302158621722724
6a92f05b,0.022329656032417322
b0813e42,0.9962720457443008
1459d0c2,0.9035074731109084
1f7a8b89,0.006104739324614198
daed0542,0.563246936765017
cc09949a,0.9879200189676643
b9e0bedf,0.46165631929491113
e481c09d,0.12707727477668043
5c128b70,0.3409004650045751
0860b896,0.997267797718566
344d25f4,0.0023337994790801164
1b06655e,0.6911144376913565
b2db8e62,0.15452315647304
7d9b949d,0.06730839837987164
c4269422,0.8714824091342603
f71a14f5,0.022980353234663933
365eddfe,0.02246208581906472
40bd3518,0.7542643246497449
32d337a2,0.4399142099569717
c54da146,0.6836206078153625
613f2911,0.5865372696066107
3390d391,0.19865075921178416
65d850ee,0.9972104878846972
1c640358,0.6795614794373435
b47560f9,0.06844121839448673
9ca4072c,0.13209284425356388
4ec47c40,0.03885220888651313
b1d4db47,0.8037709628736662
b1dfa6e9,0.8086847765854863
80aa715e,0.6563966257030625
321c2947,0.035780533614098456
d69f7d74,0.9271978996109015
416cf08f,0.8039374342125611
833fe6ea,0.8739884060950003
05d94298,0.07432381364109023
fbf936dc,0.07805532306456121
091688f9,0.24858392359258558
323ddb3b,0.7862995576809341
486e530f,0.014379793688662847
91c2290d,0.9080299872716721
79c3289d,0.1893963036816843
7328573b,0.24878681969363795
8edd84ac,0.9943015809825267
43b27e47,0.2640023510752582
0f8b621e,0.8836647374586046
e2f4e10b,0.14737108662987808
e33edd6e,0.020794340583482025
5c712a8c,0.9862813009506475
f09dcb7a,0.33443512346775156
f85449f8,0.2010971980172762
fd03f270,0.005656060106978335
2558e771,0.052010262462797274
3fde99f4,0.997015874757827
49529fe6,0.11041438871829874
0e3eb3a9,0.019066942540776614
a468eac7,0.06822008412501127
de58bb57,0.15215433781779936
2a0e6277,0.26756464600850227
e01d9ed8,0.9932466091047643
a6ef2201,0.5307023611251933
0d1572d4,0.8743953028907985
b039c3e7,0.10032809108701876
7e57b119,0.9971938833153111
8805153d,0.025141408031240153
f3fa0370,0.029837462040804296
33498a42,0.8079172985860753
da4aaa24,0.9398502234095865
218650a5,0.980554521098098
28c5065c,0.33305609850401935
d7885c34,0.002218758279336169
4a84f7cc,0.025624469563666912
8ebf3d48,0.5970177282384206
41473b25,0.6896332494776467
d3bea6df,0.7973294302845073
dd8e7a0c,0.99739353384475
e363ef7a,0.006860827916748911
31b18ea2,0.10056359409621884
191ee06d,0.7626390662271851
be6f3de1,0.9321934028567507
59cb3d98,0.19524049682343098
c1ebcc95,0.06008651851377421
6bc02780,0.7658341058948697
efe23505,0.9435732884534392
ed6309e6,0.0023337994790801164
fd842df9,0.048899686858400966
fa41b19a,0.5465301747980615
47f482d2,0.11629017436783322
67213ba2,0.03502522604691318
1812923e,0.7266413531476648
6b8a02a9,0.9967941017881149
9197eecd,0.7617651990785848
3871d16e,0.007741733312836109
ef4fcbf1,0.9340628213078027
0088109c,0.9459037797684402
82fc8399,0.004382475342358415
4857f8fc,0.07803381061446064
dc0c7f3f,0.33524936096463326
d906e60b,0.7580419201967482
ab3bb2ba,0.9968544660051796
994249f3,0.017367486054935533
8ddec462,0.005562208283615965
4fb84944,0.03090351157900308
aff51e4c,0.932364674624902
fc69fc20,0.8237598652132793
1a710021,0.005102599695893508
6f10b840,0.852161272570056
3d356e43,0.9960921380818568
7112e4b8,0.005656060106978335
324d5acf,0.740085207092902
42565e2e,0.9075475692904821
ecedf92c,0.9541426724545629
350db7ba,0.654609473943617
f52f7471,0.7728981940185282
7af42b83,0.0023337994790801164
2762f99b,0.06216687579010753
5c6c8d68,0.0023337994790801164
4fdd1966,0.9224168139812224
f933b27f,0.9691603910368336
d946d1ad,0.0025918571897699545
c476aeac,0.040627504873244916
27863ae6,0.9872776637513117
ff4fcec1,0.11629017436783322
9d1a306a,0.019653475989299445
6749cffd,0.019653475989299445
b0d96c3a,0.14190762763528897
40f9f3fb,0.5963209489956792
b53cf2b2,0.15283117498836324
ffb33e1a,0.5202971666112732
5e5be00b,0.18006451519785177
9893ba76,0.8533263664009105
28de815d,0.032343204032967005
8d5ee5e0,0.997639166068588
f958290a,0.9938505919198815
ed43a445,0.1705600222795442
5c7ae324,0.03535378093662005
4159a595,0.9816904348563072
54bf79a7,0.6620457690459624
34d2aabb,0.6462448378850841
34dca467,0.9853624542003455
396f94dc,0.36806912761482957
b7c28d14,0.004356137117139419
228cb989,0.06451497362954506
e5ce2adf,0.09195273379259092
567ba8c6,0.004693277843235992
b954fe5f,0.03891495169607875
5e8fbf7c,0.696239442377362
6a3fd2a1,0.9282064364090644
c2b3e315,0.6783961528978675
997e491f,0.26863904909814995
b389a507,0.007332818697168217
273905de,0.1427286136653132
a8189eb1,0.0023337994790801164
5970c24b,0.03712204099055019
a030aef4,0.02189208401493454
d6eb3b9b,0.993269675830906
5f0dcfd6,0.029352785623460075
55ac6076,0.15388282048053606
cfd20abd,0.09423503708084532
cf40872a,0.06346025022354779
f3b87adf,0.6620011704408447
846d1cf4,0.9969037910078737
5581a147,0.10115921301603034
1fbda448,0.9875680650156949
8fed202d,0.9835107767392237
2f16b551,0.8506810623952348
c0d329f0,0.9550511442934992
f1086cc0,0.006415082057001205
d3c596a9,0.992058116511868
ca1838db,0.997639166068588
78c59614,0.019653475989299445
d26d1d27,0.024350187885585985
670c09c2,0.7600851896955941
f40fe2ce,0.007273306839980042
4930a79e,0.24607431454545065
b539c15a,0.9242120736861879
4a73eea0,0.027973915536107154
38d8c38c,0.9967941017881149
7db0e794,0.984436420776059
ff2c2107,0.37638340884346055
58813f19,0.0405536714498448
37849cb3,0.015244903732919077
6736d143,0.1474896230331189
c234ddc1,0.99739353384475
6c9e9f3d,0.21079163370320267
55b86f15,0.9258877046961095
fb4e6ce7,0.9483577688789385
3e4ee688,0.9970729367632718
4557372f,0.05534707214969871
53ee1496,0.024326328393395654
c8f44a9c,0.13890247752365242
f8453e51,0.1379581885299669
c221d806,0.9973444873802068
1917e0b8,0.6689975067344343
4e1e286e,0.007264586902941581
94c48c3f,0.9401445169499663
57a31ad6,0.2810110657933347
b1ace23a,0.9904332295386828
5b3c7cd9,0.7649402086560649
ea8fd8d3,0.9482902909850137
934113d5,0.17255315217512046
4fd8895e,0.05059345024945182
4ecd1394,0.27848184933666176
993559cc,0.997639166068588
ce60ab37,0.5950370956179828
f2540292,0.007562711563402019
eb4678c4,0.07711518295337721
ae39b068,0.1028514500282923
367f96d1,0.8125457573632847
1d247454,0.997639166068588
fb8b83e7,0.2653667474459384
3da73f55,0.08546622150739042
7c2fb236,0.9966701348353357
5b508b76,0.05564861413644132
03c9a6a5,0.00915429773109556
f3c6183f,0.997639166068588
87bd812d,0.149689980939798
d140ee70,0.9972679800188995
511c4677,0.4391573316451186
9ac2e662,0.16654355961946785
f26c92ce,0.046808943040264964
d713e511,0.9824066557351598
a082d046,0.9938888907983374
41aa5516,0.11629017436783322
04599177,0.9624753930324484
3aa4edca,0.9452336034196456
48058f80,0.27759195673547027
4cb64901,0.9975905851058167
97d85017,0.5035400448425303
7e36e451,0.8279920928966151
c3f4a516,0.09103203059995177
83372bf0,0.005329361929487165
5c4ef9dd,0.9509059222951926
846062d6,0.19865075921178416
2bdeadef,0.2251413336528289
d849aa2d,0.9972109167499372
931a2a1f,0.695371188968209
9ae9218e,0.8186358953308671
2d69ac3c,0.0025022378961668717
b6afa61e,0.009784842323667647
6082ab4e,0.9781084672426459
1cd51883,0.003435666063518787
2fddf3a3,0.042349099682787356
e8459824,0.004409223987901553
b797151d,0.8961226648223469
bd91dce5,0.9851304353207901
75e2bcb5,0.11137426326669723
a376fd0a,0.02425647241828218
6f5eb5f4,0.4491968870732245
8717e74b,0.004778590533077607
6b3a03ee,0.9975167790630739
ce19816c,0.002218758279336169
e57c64c5,0.0023337994790801164
b4ff0572,0.635375129918857
fa3ae2de,0.04644186033668479
af6f3ec8,0.9169810034182901
ad987f97,0.019653475989299445
1c0a1348,0.7943806292352114
b4fa54ba,0.39509148856410253
b4d612d6,0.0025022378961668717
fe13a2ed,0.4764142751300743
9a0cc030,0.7539422329194314
ac600f27,0.004778590533077607
507f33ac,0.00699677040518708
8a379e28,0.005329361929487165
19cac3e1,0.7045051966506628
6adb2652,0.021561903317863448
8bfb77e0,0.028729240399754746
622be6e7,0.9963501611221233
1d16b4a7,0.04082713229335837
4dadf295,0.00533065196110395
663cb650,0.02258451556820674
49b5c4c5,0.0044531823872032235
8ba97042,0.003195248256208623
765c9cd4,0.027778013421729524
30c6dad6,0.9161146468456158
53935ff1,0.9028477662033098
d891017c,0.24422643505239133
750f79d0,0.9970729367632718
e83fb225,0.9926670009296192
655672b5,0.992170235091668
ee12c3fa,0.20413943448192157
1357bc30,0.9971938833153111
f32c1c34,0.9964621385562527
1394a22c,0.39922606439246555
bd050a4e,0.004501597261786629
bfa21223,0.005799434059120715
a88ef63c,0.11905828928933868
f726ad07,0.005392098758186201
b7c7ea94,0.05306538277606092
7fd7d4db,0.17686601490904258
e24b0508,0.17843389424905645
4952243f,0.004372865666567532
6415c2c4,0.0023337994790801164
9a5a34a0,0.8604109933744513
d5c41406,0.4175783334782627
3b4c481d,0.07226176926329075
3a432359,0.09767963238148569
2c18c455,0.06350735548741683
c35748b6,0.8217006774088297
3aa1c944,0.004707883488232799
0b5faf98,0.07750650712369828
12895e72,0.020740651920792746
dcf3af40,0.9493429608763219
af83987c,0.036586929762820776
be67d4ea,0.9737804267246182
7d247d6c,0.16355632310344398
218012d6,0.9841919158628677
35fd4d4f,0.9884249794089088
e50aea14,0.18290933617489996
2cf3eb36,0.638022934323544
9e97e069,0.00365958192768375
8981bb60,0.004707883488232799
e6aa3bb1,0.14025122714988036
841f7b98,0.9888976939971856
2dd5583d,0.99739353384475
31ca7cf2,0.8048748502353131
33551f78,0.11629017436783322
ffef5f6b,0.9968544660051796
e529b67b,0.1827299902072803
0f047a04,0.9689313582921641
6248644f,0.019122739120670237
eff904a0,0.520676461639624
2a6f1a43,0.024279731554537328
ab2cfec9,0.9304202043855201
ddf0092f,0.9798624399003073
de351321,0.2179915098157589
25ae78a0,0.5097982986278795
416a4b5e,0.0894688432006369
7be7e4cb,0.0662022449833649
70b2cc4e,0.019653475989299445
62f23257,0.039419587587067616
becb9167,0.059243023026760766
248be600,0.44953664406193755
8f94de6f,0.0037371607975360197
8a6019d6,0.18199342629157317
7728fb89,0.4354226839979532
d3318f72,0.0477801550704697
d868e6e0,0.06430631605181562
928e4e53,0.07142374825786574
1131590f,0.002218030567165235
1fcc454f,0.9885497758874651
b8305510,0.27306214706416987
166c40bd,0.002218758279336169
b0534140,0.024059776231099055
249e4c89,0.009784842323667647
6c9e6f61,0.06714980586886501
e3ad02c8,0.8453870171129036
04c2a2ec,0.43189326497251945
549e10e5,0.6939670311758468
d933dbee,0.0032988484363546374
a69496d2,0.4677543171575172
f855188b,0.7670653924354057
07352389,0.9409395142061225
49240bc8,0.9966152779261274
ff3e8ff0,0.5135605912785033
c67f4cbb,0.07994112487140412
f85d27ca,0.1623650568372959
5665d192,0.9966416150207003
3a347875,0.19101357261291582
7cff3028,0.005104068660732812
a703c3ed,0.17143007737764088
65721c03,0.21824239103736018
49c8985b,0.13473708698719755
fc8c92e6,0.8260298891731492
093d7527,0.018862533652109235
ae64bfb9,0.023030371435154674
e59fc3c4,0.03164201253040876
e6f8b007,0.9972154448144378
8d9f5bc6,0.006786188391607849
ff5f79b3,0.0908415902559428
4d226eeb,0.22958741039636338
fc8ddcc8,0.03332429260635729
ab05ef76,0.997639166068588
f29007f0,0.06178474741257763
0b0a0510,0.997639166068588
b2f60f2b,0.9178521015358367
b71252f5,0.11677466656587834
5d390f15,0.16681340373337125
d04f8a4b,0.9778841422841602
184fef88,0.9707495006037478
c93846ee,0.04988817026222718
5817c0d5,0.42380839733137393
63e04152,0.25936291767765324
f4c89a58,0.4447545573258454
d73a91e3,0.3752755144218317
8a3b2511,0.029575258774536074
2754ecc0,0.9974456372542722
efa896c6,0.034947703439399944
0743d096,0.06403477676638678
d6d7752f,0.0037371607975360197
e33ebe51,0.979671889116644
8a4402d3,0.9922645042040757
789db6c0,0.3919775240962397
8a78651b,0.02442685116309274
14b7e1ab,0.3015585094309631
073fb21e,0.9969187329542247
3e1ef5fa,0.6131548446289719
0d8040b0,0.019653475989299445
ef949cb4,0.9608175517262787
f1a96ff2,0.20892729240596744
be2831db,0.005250335240468259
8a7dbd6c,0.06260343248832362
3e0ea9fe,0.9912812293357245
f48dce9e,0.8802546193038122
b0ef1a0b,0.04454802920909776
c5a15e9c,0.9975905851058167
3b1ab71b,0.035504001372056684
4c773370,0.004693277843235992
abcda93c,0.02621001189000219
ddebee3a,0.6249638830904527
a2de72fb,0.5029585768640621
397c2364,0.00743574743184489
ef2e4487,0.35831809624686917
11e41902,0.002218030567165235
ae06a226,0.0047944494783208015
cce0a21c,0.0610427375633783
fdf9388b,0.003195248256208623
babc69f4,0.31936972130863744
a18e083b,0.014985603082717897
d0884ed4,0.20662167257051323
87969da8,0.9971077994360575
43d224bd,0.06205167273157709
ec25a863,0.9896559524234882
673044a6,0.03490961263907355
297be918,0.9903187936494191
4d2b3486,0.9095475376451466
ac057464,0.07204687574711138
9fd950b7,0.026847869734670023
e8af891f,0.9924474844854215
ccac54a3,0.022166805536276018
558a9dae,0.60555150641094
4e7f6b58,0.6487461111036157
59aad40d,0.03673747460691408
1251795e,0.37056632791486804
cc9d36f0,0.12661651321362527
72d21375,0.9486273103357286
38fcb341,0.7282001747712554
b07773ee,0.08197133638128482
84e732ca,0.6008969934620308
c105f30a,0.6376862676721418
18e00302,0.5318487573747325
dae7e4b2,0.008239501541776665
b414e643,0.9968544660051796
44881632,0.00692709383065814
74ae8370,0.0047861762310109435
e23a75ff,0.9832144624158561
5ff775a1,0.01513686567405544
9a21265c,0.9588571620086246
be48d3b2,0.002344157367001496
97713122,0.2778877221710603
7eb27aaa,0.0033513930534082976
0337f56d,0.1110421443216734
2a5b260e,0.9941926724187716
acec835b,0.997639166068588
1efa162f,0.9396783922410356
684c35fb,0.5718421667881237
3569d95c,0.022978004080721735
0cbe1e1a,0.006678681206081391
12a769be,0.997639166068588
9a77fb44,0.8167833475432609
adac1bd2,0.9966152779261274
7b51f4b1,0.6341431974456041
8eba1f11,0.756787707816893
1e4babf9,0.9769794563417605
dd418de9,0.5860296957453447
f62b1f47,0.04521043091991561
cc221fc1,0.02323373866051203
2fa61820,0.9960620653750357
38939bc9,0.024548992534630505
69c027d3,0.008300546395257702
ed76adcd,0.9972109167499372
47fa107b,0.117764146001574
9e21b926,0.004372865666567532
67a6868f,0.11629017436783322
63f4c3cc,0.011347744789563276
54ccaea8,0.9962649543351383
5ad99e49,0.9965842405955982
56fec1bf,0.14304969409372714
e4fe118d,0.8256058765502695
b5095ceb,0.02289139329176185
d160c943,0.11983239330196252
64fb3f33,0.99739353384475
b3f23256,0.5648493167153207
0cae648c,0.009192578691693713
2824bbab,0.00484755350917968
1fe6a781,0.003885954943537198
5dbdd852,0.061480950415023106
69b6c46d,0.19483896626761005
063c3dd2,0.14669988813619222
351f4b0f,0.9956795607019284
ee5b39be,0.037941161951711086
c0ac9b30,0.025319615187071615
fe1b689f,0.044942010119851945
215b9917,0.04672953505069773
b45200b7,0.019653475989299445
3d506c13,0.7276654117202013
45faa3b3,0.004302158621722724
f0015905,0.3547470394507629
b6d3f5cc,0.2017141207879288
cad2766a,0.47125246990700626
5b5c1221,0.029913613518591824
bb5ef2b7,0.09130210099697525
a0b1bd6e,0.9970729367632718
8586a805,0.1566274501933787
27bdfa50,0.8198054665716464
22255b47,0.9727184698081397
90e8b2ae,0.019653475989299445
02b0a94c,0.1898861429975474
d78a4e4e,0.005329361929487165
3af6c438,0.020482368622059106
1dacf731,0.02246208581906472
4828fe1c,0.1382723806635814
28c20852,0.07648613313652176
ed22d3a8,0.9974879616437127
61f81f7e,0.953934819892978
1e57de58,0.03184776021487499
4fdffcc2,0.004609339264874093
46684819,0.04149746007457476
7e0e5c97,0.9901424676712747
11548c2b,0.5308204770075495
cefc3554,0.4375112634931785
65b15f95,0.8975760127623762
d89f1237,0.002218030567165235
9ff38cf9,0.9584532956389633
55a99353,0.003110254063098293
77b50b0f,0.04075495123695436
11e2139d,0.020746262022212976
4cd19702,0.17761488813121512
b9d8b8b2,0.9973148639760183
09ae8ed0,0.9973693299226015
068a3d90,0.9808963075928794
042ab7cc,0.9865803226856567
61e9601a,0.02182088019795641
66d0bc67,0.06246910471254097
be18af31,0.9885935224922404
3892e247,0.022329656032417322
c8781b2f,0.29397582067361394
8f89b14f,0.12526171019910598
ae28c9f9,0.116506842045395
d5649c6b,0.997639166068588
4b6a817e,0.9302155004655948
6fac35cb,0.05370781182293534
266c0016,0.9922036754906527
efb816c2,0.6370499965751917
e80d1735,0.7911422325607281
e4d334ff,0.6818146981965038
22d154bc,0.821053016303107
c52964c9,0.9027569299302746
51a5b03a,0.054863112622824915
94855a81,0.033287845968801924
de89386b,0.01928957983704473
dbf261dc,0.9961518640306046
f5672f95,0.0030080180367282223
bbb996cb,0.7888572036816218
dc92a5d9,0.005138555313644158
87c46021,0.005314650210824662
551e6b08,0.0662022449833649
6d3d4eda,0.004382475342358415
588f3b10,0.2149776399656019
1db7aba0,0.27020788171842725
5e86e6c3,0.0063149157341758026
278b67ec,0.05370988051753959
dad2b7e2,0.9931556707004476
7d447e63,0.948903635645695
1afa8d43,0.6565339723532785
66cb6b64,0.03547444482390914
70ec48df,0.6657721376426389
b57c8aba,0.976038732003952
3ee9b736,0.11772975869856799
ba1395f3,0.002958906379692438
beb948ff,0.04001937693951939
5ef45a76,0.9975905851058167
e19b6fb4,0.11721326910135352
66a7cd89,0.9917826976579492
c90cabb2,0.006543127477045581
54fe1309,0.18050047002997716
cecf2899,0.10296455394038648
1edefe78,0.03714346333555633
1415711c,0.9964621385562527
00c2b2b2,0.01098135211872443
90338cda,0.0186533861318937
00b8fae5,0.01108327626243583
611d241f,0.967127994571835
5490ca95,0.9822361569828342
f7662bd3,0.997639166068588
59ca110c,0.6695931305927889
a5b964ce,0.9781428554230149
29f1889c,0.9974456372542722
3e52ba2f,0.9150199538558432
a5103c16,0.7548021663296495
301c399d,0.17786587163321063
ddf248a1,0.12402557900373681
b9ecc6f9,0.08963082878625576
a44a0b29,0.6565560968647239
9ed58e30,0.08220930340493406
c1b3e498,0.03455502316176166
243c9aa9,0.9520957206729216
c632fee2,0.4185529470976529
87f9bcfb,0.035870157692235935
51d1864a,0.9968544660051796
b1b58a65,0.04516397807628922
fdac9a58,0.523014596022232
5867ae34,0.9810775575814878
34672879,0.9971077994360575
c32d1aba,0.02499165415198638
64c5ba2b,0.04368086883351999
785aea23,0.32567876287463726
ae5448b7,0.04088237095991795
65a42ea9,0.7539422329194314
eba4a954,0.005310810062330426
c6a7380b,0.8503598586326421
a1c71984,0.9786252837307365
496a4947,0.47235253659361
9d7c2a3a,0.9928356359142008
b2c6c95c,0.019653475989299445
254a7083,0.5485313033023874
08581a9a,0.1786281952447015
d37bc2d9,0.35108111424543587
4f97ac9f,0.1238785464257434
a91c37b3,0.8985356173132109
852e3149,0.003095295621257968
1357913a,0.9473714073210197
1d519054,0.7870755410041884
eeaf6fe5,0.026743437550195304
2f3e9bd4,0.005102599695893508
d8f05784,0.5829398896895508
e2fd7e63,0.9971685399913406
cbc65185,0.03595699872496803
12309105,0.6187083760517154
ae498683,0.8970310652456863
5a86187c,0.02615066643743392
6dfe3e46,0.9932404348875992
2baa9ad1,0.002218030567165235
5114a979,0.3277759793681567
d5781d4a,0.9138978172159019
c5dd215c,0.7639891068097256
dca8093a,0.05827440875540291
fe504b36,0.03454510280907409
b7cd96ec,0.9865803226856567
36afd3f5,0.31973346867382396
dc580f22,0.98911064150067
2fbf70db,0.4780670950611291
9099095f,0.023478626151906285
4b3191f6,0.041055850922379594
226630e5,0.9972362077047517
54156c1b,0.994236465616239
68bb36ed,0.00573463895947901
db0f5d24,0.11629017436783322
7d3b3f84,0.10159822372804976
f47c0df8,0.9968544660051796
27e5c948,0.99739353384475
a827bf47,0.711011956774584
fc817c59,0.997639166068588
bfe20d5b,0.0033856275746201522
1206e99a,0.3559572960620569
c285f365,0.005250335240468259
08c599a3,0.002218758279336169
bf310e17,0.9811288546596117
949409f5,0.026758578048875076
fc21fc4d,0.20622098550700016
e8c69cd0,0.16866710618993547
0b8d3301,0.07806610572757762
de0137ca,0.9651299836121557
8eb4ee04,0.9766326372961466
4d149f04,0.5931253487252633
fe21e3e3,0.007268016623873855
07d503e8,0.9968880798198476
caa564b7,0.04468241751612441
4909d3b4,0.963283406595704
64663bea,0.9956216437445574
c6499664,0.9922412879076642
1f1ead87,0.9846206978956389
33b690d3,0.19326775691032083
6a36476d,0.1197127637342256
eec64d9a,0.002190401432397596
40126558,0.8419952478436855
ab216290,0.8741059444299406
6740aa07,0.02574144522172131
d5001102,0.5109668470026592
ddaae181,0.008420930154029876
8b61041b,0.9314104424476891
34cbc969,0.11967325642914442
8296a227,0.07426430863641487
1ae3207f,0.9967630009123157
14e8d0cd,0.8960098921161291
50e432ee,0.002218030567165235
29091216,0.009660920494984519
bcc93a8d,0.4625879066833985
87942f36,0.99739353384475
4c0c1230,0.20581766175443345
dd5db05a,0.0036343822443841802
6b32f5d7,0.03790693896827998
5e250445,0.0025022378961668717
423ae7fd,0.5788733156261892
6dfeb375,0.06696172421235921
c88d4429,0.8160138790225243
70d95183,0.002555569157738064
1c6603f2,0.0035323977335590577
23743d5c,0.9164317233435281
5a8eacd0,0.0025918571897699545
17f350cc,0.5583996815728322
ad8536b2,0.002190401432397596
a9abd116,0.9189718159785801
05dabce7,0.26716585492962497
d071a76f,0.042823606666605125
8da5a26f,0.997639166068588
44cd212e,0.8905281847243934
bc205283,0.9910593437240651
f43a0da8,0.002218758279336169
6a4ac670,0.19690082325133404
16208ff4,0.8444145594821808
3f6481b9,0.002958906379692438
b4704209,0.9115561533339852
3f7741f7,0.9970729367632718
0a8de6e9,0.07934433962124446
9fcf7261,0.0023337994790801164
ba6294bc,0.1434471767684317
8e8a0ef3,0.06822226228974125
92748dfa,0.9295658000691602
afab454f,0.37322371740228955
38109656,0.8865250168832386
9c9d5a89,0.008420930154029876
04dea421,0.02987540551394578
89cd4f9a,0.9819744317862759
33a2b242,0.9810396719730546
6f197a91,0.026095483502565964
3e3b890f,0.9225414970454748
8e52c18e,0.9972362077047517
bdd85837,0.7536750313905959
699b54e0,0.00522705918917787
8bcdbee4,0.002218758279336169
07c3e854,0.9681131055843345
56f07e19,0.8471743981798987
6df70f8f,0.9511210120248432
f6c9634e,0.015422840358992254
6b4947ed,0.6723904102789163
62682096,0.0023337994790801164
a098b677,0.9637171020570632
0fc1237c,0.006951056060523283
b5a8219c,0.997639166068588
4b713c51,0.04352901549480896
ef1785e1,0.9949386542536566
c72556e5,0.3260860205198487
414f3fc9,0.997639166068588
f5f009c4,0.6762319319549637
52a6baa8,0.944423160369195
078ea178,0.322411799222898
9f77c735,0.07957283543832723
f47d6846,0.008308035920138488
1d6a88e7,0.47996274744450657
1a700f12,0.997639166068588
9abc1a38,0.9701078254941503
0d9bc65b,0.07454005829723363
06c49724,0.9135582810894555
32dcc907,0.9915360867561503
69017d99,0.009367556746057564
745604b6,0.6847891083914552
58364599,0.002958906379692438
1d5eb880,0.6588801839337399
724b476e,0.0052832593175987114
943dd84e,0.054201956098580806
0e43018b,0.939524393156342
76e8fdcd,0.14351331218457702
4d49be83,0.997639166068588
f499c7b0,0.6508126186218786
7639ef4e,0.18396818269164783
3e358a01,0.06062352956017233
0e89bcf1,0.04025115366070344
2ba1db6d,0.2785571245855529
d68f5964,0.7281437111288744
1f2582b0,0.9450599227965437
e3588c75,0.9702366556250009
debbef41,0.004430017918530868
af87ee7e,0.99739353384475
4b5facd5,0.5076230180334628
f7ac7f96,0.16344354489575247
acc3c2e5,0.9971400627305123
ffc379be,0.776893187015322
83de55f1,0.06733206277520495
4043be1a,0.30979822342073493
0755e09a,0.08539501847291012
27df38c6,0.07817994250140635
e7115630,0.20253670519692796
49718027,0.00820392212601857
3f145bd3,0.1020209548616661
df430630,0.041055850922379594
8f02a023,0.025919798980106074
9282c2db,0.6094229789468998
17cc5ef9,0.059813375667126654
4561ccca,0.006543127477045581
df7e7176,0.02432449818604623
d16fc515,0.9691889562639627
62678f53,0.05257567705590059
c3a324a0,0.8112094351230908
532f19c1,0.16452882458679166
e3ddb3c9,0.7065146076384975
eee800ea,0.9811288546596117
6c300efc,0.9960339782006402
6011b909,0.007537787578254282
c2800950,0.9662355581875713
73551493,0.07789676060185886
d2adf1ea,0.41000205984642246
cbc7f35a,0.02248056222181517
a7ef53b0,0.08494608679932494
15b56fa3,0.2522401331511096
594dab00,0.002218030567165235
ea256822,0.9556522958472433
99d38741,0.9506316323184942
c450138f,0.008391118159483058
3ac61db4,0.020135925892361215
31131491,0.035748891491018835
a770c6f4,0.06346906531224586
023b1617,0.9975905851058167
b646c3a5,0.038338416620097106
d253417b,0.7929584031458637
a60331fb,0.08285047363448697
fad2bee0,0.002218758279336169
b749efac,0.18752319744505042
cfd32082,0.9974179108853729
5def4154,0.5051504093978061
58aaf0b3,0.9774166846458113
6e9f050f,0.99739353384475
61ba89c0,0.3157681632317537
dd7ed23f,0.022978004080721735
29a06e61,0.0200662060408
2f87d22e,0.5229990084945472
ad3e3c04,0.997639166068588
68e847d8,0.009784842323667647
e9c90a0b,0.119365838164244
a244fddb,0.0037371607975360197
00c783b7,0.002218758279336169
0fd3177a,0.037098057815545864
488a4be0,0.9815863077547793
a80ccd91,0.004372865666567532
655d9655,0.4691017919615589
a28a1f08,0.006244973442552827
ba9313d7,0.9974879616437127
e0c0f828,0.9815366884593463
531025ae,0.9104420939269732
cd56f489,0.997639166068588
475f759d,0.0025022378961668717
3eecc36a,0.9972108643807811
7ff5a6f4,0.010243555081201379
d2577c9b,0.008300019752241542
ebd872f6,0.09485740388993677
8e4ec66d,0.03747397303269557
99de0c24,0.9974879616437127
8f739b66,0.09248470226906588
16105a8c,0.024279731554537328
0fec4f97,0.18643807833217327
d3f2c195,0.08298408765580387
74dc006f,0.9969037910078737
02a23cb9,0.03877634547943316
68d5f9bd,0.027955604927382038
7b21625f,0.035430258783344694
061843a7,0.005078080491781991
e6d81ae8,0.15510396372375376
f833bbd8,0.0077192056570398685
a438f68d,0.9974179108853729
14d12b24,0.014161955688802977
345f1220,0.9518317439996998
6c3a390d,0.31513897588181944
aee01161,0.01950953355290634
38ff1962,0.9973148639760183
802aa1eb,0.18126840592186413
d88314ae,0.0293598126804104
8d4f5223,0.9971938833153111
431f1aad,0.005656060106978335
565e50c7,0.648824879105454
ea830527,0.002218758279336169
fe11e612,0.7032933860111481
9e381722,0.005960388922477201
62e63df1,0.7573410504604083
525ba47d,0.152769755211613
4b0e47ec,0.20401943186749988
d76eba3b,0.5757862088313799
36db8f12,0.02018346979545449
6554b233,0.006651112699161685
df126c66,0.005762174094328893
5a78d0a4,0.17045304728291702
8bb3dbda,0.16804074769406788
2f4ea46a,0.08510551915242506
3a7f59a8,0.9911396896875914
a756c71a,0.033513177511993314
38109de6,0.9954375611645704
556f2842,0.005483805358292067
4f9960bf,0.7921169328355028
a9a436fa,0.9931379723130535
92cc0304,0.08854459293101083
3352f5ba,0.005656060106978335
ee85ff95,0.19336394157846867
0191fe68,0.02401660678659264
5b3b8097,0.9932404348875992
dafa8f9f,0.422640249291146
6e5beea5,0.24182448153603536
b4edc6f3,0.11629017436783322
a313c8c8,0.37638340884346055
f0c689c7,0.9974306426002917
0a8ab24a,0.2656382266470235
852c90ac,0.13984813510342126
67d0b3f7,0.24899223040179255
55781954,0.9690058784617696
f22ace3f,0.7544734922116879
ef8ef6f3,0.9960029131389166
81708b09,0.17710728418368316
746ea4f1,0.03373007916243949
cf5a8a59,0.6616620984497606
5b87b0eb,0.8250340845626974
6ed6ea2c,0.9862570169525562
44be5917,0.027564339683802085
c03f2d03,0.4961511943853008
1fc7a336,0.02866590073979307
adf6e2a7,0.6554775418147857
a879cff6,0.005656060106978335
0e0fda9e,0.10278116248869755
51bae342,0.116506842045395
f6aa9ca0,0.9971365734814424
c80e7f0d,0.5411182524470255
0f61e12d,0.01577995045818808
204f78dd,0.005562208283615965
802bf44d,0.9967534342619133
d3bb79ab,0.997639166068588
07f73a8d,0.023234910528394374
d7fce329,0.9441437577577588
d64b49d2,0.0076634776320694
28f9e6fe,0.9783046858062795
6858473e,0.10314801567379546
68a5c437,0.0037371607975360197
1afffd3a,0.9973925675614023
3c59d6d8,0.005250335240468259
1476b5f4,0.7806264087399132
868a7682,0.9974879616437127
218679f4,0.9701078254941503
2620891a,0.9967941017881149
87a34791,0.055456086933823256
42ddc57a,0.009111861245546657
c1c5ad07,0.9810829666909123
60b2df72,0.29407514947006874
dcb96143,0.997639166068588
c21729b6,0.15642629472852154
53a7f5ea,0.010875712904866684
fecfa104,0.005392689331921431
57500aad,0.9835715805577208
025866cb,0.29820286704948723
50230b20,0.8147145778834641
4fbf450a,0.019653475989299445
908d0943,0.00554075949490362
96ec040c,0.908725660896077
f0869692,0.025253581666612422
a664fe54,0.0052422202602366835
1d4cab5f,0.2972059177181372
e4c04418,0.980883203919066
7407af6a,0.32206796274457167
08be4774,0.8159161208491188
f14c254c,0.005312032236588252
23f0a9b2,0.9643166520952505
bc45681e,0.8134186857447967
0e3e0fa8,0.9966701348353357
c2bfc9e2,0.3520347534662521
1d488bb6,0.034609874006717535
c12e8653,0.9932404348875992
a393f44c,0.9516124180192401
e8443843,0.9256765323579194
8eaf8121,0.07372289629306564
47ff9b3c,0.5063791162521157
1a8d200c,0.033716733797993066
05421ade,0.004707883488232799
2d2cac65,0.27192239130434304
dd875070,0.2559792785139523
44a33890,0.06657772377884928
f55d4579,0.236829906819979
b9784779,0.0409244122639011
1432526e,0.07623615278741831
a9088a4a,0.9967860711096821
7fc55d4a,0.5514726117167392
4083560a,0.28592153632932293
2cd6de29,0.018248679399681878
f41b31b0,0.9965102425389976
4b6e6c09,0.9571050251378639
ba44a054,0.02299308675993157
2956ea87,0.08611221323786686
e34c121a,0.11752953623452789
e92ea72b,0.5006374384196793
d4a4a9b1,0.002704116826902829
83eab936,0.7867440875141629
34057977,0.020987949708220557
248c18a4,0.02442685116309274
9f1c726a,0.9833922792925733
ffcddb92,0.03847374188353776
8a9d99ab,0.9975905851058167
d6427379,0.005250335240468259
d90a8c20,0.0418037769517561
c5738215,0.020360906381470308
e73121bc,0.03747806822951251
c6cad31b,0.4288440876251408
161943de,0.012333613535578648
307eee98,0.49183359924542625
bbd35315,0.028438979420608197
662790d9,0.9594949828153881
3ed99a51,0.004372865666567532
d525bc82,0.3596949140068319
a90f6e19,0.8178714522735617
90e839fc,0.9969903351295193
1d8981eb,0.059850229411618924
83ef5a35,0.16010409215320118
be3bc829,0.9974306426002917
6963b7c4,0.9975905851058167
b6321153,0.9817794918946365
f4da30d2,0.006308785464792148
80011ddd,0.019653475989299445
e7e7a02f,0.9681358206952073
80a8195b,0.002190401432397596
ca492a9e,0.9370819789015007
fbd562d5,0.7751519846267345
6b68cc51,0.9335462228251512
2e2c67ea,0.20112437509403264
7f13cbfd,0.9489603869529638
1b9eaa02,0.002190401432397596
36a9613d,0.0047944494783208015
5336f3fe,0.8939285536084961
844aaafa,0.6865568997504505
9d9f4b9a,0.9975905851058167
c9bc16e4,0.865377593344647
3505562c,0.004597263805539551
03b64045,0.00533065196110395
73a0734f,0.8362916866560083
30139091,0.9161062152617973
8dc01483,0.7557572137399172
cb685ca3,0.24464123281634337
47a99571,0.5220371128591254
26ecc778,0.9856065270679985
3f8066a0,0.9839449482087271
7f0a3f4f,0.9015309959872055
46cf06db,0.9973925675614023
217b38d1,0.06212824511529219
e0f2458e,0.26504476477369127
ce34ddbc,0.29487266755653346
3476d82a,0.00474909182001117
e84fd9ec,0.0023337994790801164
9ba0086e,0.04087531055027081
31f38e95,0.8129506699411276
520b53ee,0.08018490595943781
fd6f723a,0.9974456372542722
262358f3,0.9971529087215654
3372346f,0.005762174094328893
db6f372e,0.9967348098931577
08b718f8,0.7346922545933967
d32204d6,0.997639166068588
ba225d85,0.9974879616437127
57987b24,0.513661517795505
baf358ac,0.020986061844146912
505da912,0.99739353384475
63ce5ac5,0.28910201066219066
f27f0cc7,0.9971685399913406
37ea2b7f,0.9555458924593376
6d58e7a6,0.030503753469428817
ca664f93,0.9405439707486682
40f29dae,0.03768083179942394
ad1ccadc,0.997639166068588
1ee509e0,0.10133895675106186
08980e0d,0.2267731857550984
b66eb03a,0.022398732921293747
7db4b5ea,0.5454058582537786
a3f718d3,0.062351041405348265
d9bc75c9,0.26217942412905254
00955cec,0.029575258774536074
771c1ce5,0.0223780241869136
cbb8ee1e,0.8007000518074132
420b678e,0.9931870745902625
01fb70c0,0.021891512772358502
b3cd1c70,0.2280679618055367
7502ae21,0.9974179108853729
fafd94eb,0.3464361407913515
b10e289a,0.16670567467349143
2af8788a,0.10603727329215093
36740b39,0.3064687321265781
bd549036,0.03473609220297479
ac487f4e,0.9067241891187521
34519c75,0.005329361929487165
62369cbf,0.2643480414592786
f38af44f,0.006366453613021431
36d39f62,0.003095295621257968
766ae259,0.07707737134901826
77daffc0,0.10259571713811326
d7d66476,0.16866710618993547
97791844,0.9143118063084655
7256a44e,0.03496801574685881
9205efdb,0.9924772643333751
8b86f448,0.11629017436783322
980dd81f,0.03051154577103001
3556cd6e,0.7923216038783616
0a57ef21,0.9970729367632718
0181bd23,0.3648504074188019
14a8b279,0.919034361716594
41d12a09,0.004372865666567532
1d4cf335,0.032935967620145806
9978f962,0.9201674676279195
88edee22,0.9973130767013352
f9718d5c,0.17645267135375678
3654b859,0.9971365734814424
0c7b4087,0.1911032797742837
bfef1757,0.30352884747000985
900f87de,0.06898087142869021
75c58b2f,0.09851175969089913
15c9afb7,0.0025022378961668717
f88da93c,0.15618570765075268
ee6b0604,0.997639166068588
8149dc42,0.41757755462030266
bd6f4547,0.9974456372542722
383a7cad,0.04468872637228076
950d61e3,0.024350187885585985
c11efe80,0.5325134810648097
09861c3c,0.9968862700108889
7befba9d,0.6097649189269932
d6531d38,0.5456280053870131
81d0394f,0.9933445217623167
8e0f7afc,0.8292000837462752
2c456bef,0.9511957100929648
8f674d9d,0.9613794536202314
b9683ad4,0.11302323150281719
aec07e38,0.9080299872716721
9562f2bb,0.6185041262988829
51c0dcbf,0.09219773439334433
240f218b,0.9969037910078737
32324a40,0.009784842323667647
e48ced76,0.9973925675614023
22d7bc2c,0.04988614312081761
ffaf9325,0.016047880678184794
916a3411,0.11629017436783322
91782567,0.016039285168169142
41fb4d49,0.02442685116309274
bba57ef1,0.12170059345373248
66a3e308,0.9971685399913406
ae188c79,0.9873543447379138
d76cfeb4,0.9919523815428908
fedf4a35,0.002218758279336169
7212e624,0.997639166068588
5aa494ae,0.08788206837908827
3f0afa3a,0.007577834950450365
14e54272,0.0794799088559924
6a975a4a,0.023501144610701553
0cea5ec1,0.002908689248016752
afabc977,0.9967630009123157
8b9a636a,0.1161305979204152
0dcfab7f,0.038800659656582984
bf25ca10,0.7113753318502782
d1818b7c,0.8170418609158732
788389b4,0.024506146236201294
74c74056,0.024546554216776813
5aceac1e,0.04050337779664619
f0569bfc,0.6254285460473648
6d4e8226,0.021879642274893925
4dcab7a2,0.9975905851058167
56ae4f1f,0.06544732078665208
ea8967f8,0.996913295174139
35473c94,0.06574773994842163
6c3e74b5,0.02646314729428483
910e39d1,0.9539425495849982
e2c591de,0.14435192726460358
ac4a81c8,0.9967534342619133
a4a32af4,0.005392098758186201
c60d6b45,0.9974179108853729
ee84e265,0.3730983196720856
e8033825,0.050101835246369894
072d70a4,0.3294752133237925
813f56bf,0.02064100314018442
ca39f1c8,0.7193643417716914
39eaffc8,0.08957598053462619
8e7e4265,0.7146048093460943
4bc97c2b,0.9972108643807811
c8caede4,0.9849346832495373
067aaa2c,0.013689151508575515
eb279dc3,0.023022087585689528
483dbf99,0.5448906121250003
0b2bcb76,0.14807365288983848
45aa75a3,0.8080130629320511
6e78ac72,0.8108518665629294
9d77c6d5,0.2195512324472102
cc3ede68,0.002604999408398231
17b61331,0.03865775042109086
ddd61722,0.42804056865554524
56fa9b3a,0.9940642811384283
2201606b,0.9637638873613479
3ca7e8af,0.008061368616036495
49b425e1,0.19625676656230268
b84eab9a,0.007747545380877985
6b189724,0.16866710618993547
20b53b3a,0.8718235901520588
1cc71699,0.2762677319886546
e00749c9,0.8748397978478512
be0d9acc,0.07409632180081097
6058f63f,0.1761664612557117
edcd113c,0.5731757404793129
15e419f5,0.15428789653067618
8c9e8f57,0.7221267995217062
9e503058,0.057120008674989176
845bca97,0.9974456372542722
d920db3e,0.05886477704737656
0e475a50,0.9973956863005522
3b777f41,0.9975905851058167
0d8d0ca6,0.6696463254947058
8e772a6a,0.99739353384475
57992142,0.02299308675993157
2a881fca,0.997639166068588
993533fb,0.9671941532244409
8af9fba5,0.07628755109975233
ee8760bd,0.024279731554537328
fb9af2f0,0.4000271991723639
eb49c5f2,0.9974179108853729
3157a1a3,0.0023337994790801164
a7d352ea,0.9057015921574021
34708e88,0.06235624480735217
fe542a4f,0.9785946617660846
485e9bbc,0.024279731554537328
a9311647,0.997639166068588
15e43c7c,0.09391313666515883
7515f5f8,0.8147769006759097
5da85d8c,0.013387552921544334
8c206f2c,0.0023807448360467355
16418fe9,0.03990122986538606
e32e7a93,0.9552167523558579
d3a5fc5a,0.11967325642914442
6f7e4ecf,0.9946541849737256
423819c0,0.49276724034202274
702ec023,0.005329361929487165
d80b57c1,0.0565538147814203
cf352c1a,0.4493132992610014
2e28cb8b,0.18175034919802607
f2764511,0.9975905851058167
f33c5438,0.4783710078829525
1ab75063,0.04251971177932724
51c0a0d2,0.7888572036816218
ad37820b,0.12175605976591164
9b21f1d0,0.020485125867647894
cb6c53bf,0.16061884292084508
a4c7c0a4,0.9700905089149939
a3f78d4f,0.002218758279336169
fdf92ff1,0.997639166068588
12994695,0.8260298891731492
b216c8a5,0.9938893935145703
7aba3f49,0.8564738970803901
d87e4068,0.997639166068588
6cda5696,0.7344841040027749
d5543dc4,0.0029859755325178537
d9c11176,0.6040537131051531
3dc03c3f,0.0028007432948316613
0a569dbe,0.06569248199163241
b0d6c5e9,0.9806735293236658
468eada9,0.07009019304939901
4ff43ba9,0.021124466736349583
5973ac4f,0.9968999384834806
320981a9,0.6725938775763945
35aba014,0.026965583805320416
eb306bd5,0.9921643219663933
bd7e6ea1,0.5567846124909679
6a6f3484,0.8903990425405519
e44f09c0,0.009784842323667647
5b07b959,0.02796924563919992
7f3360fd,0.756787707816893
681b8dce,0.022329656032417322
1d3bac80,0.022948040547039725
9184767a,0.008241774133429145
54cbaf15,0.1684474927066872
ee2edb76,0.047140948528323436
8a34d0b4,0.022987782370750418
70b52740,0.00819099638689114
8b15a52e,0.9961665026375208
6c648c20,0.030994728982297576
98a3cf83,0.033719246239115944
bb7f2213,0.03943370397981544
72c5e8ea,0.4356721444767966
2aaf6890,0.33337824422611767
2a3b898e,0.18023473285771868
5e1f9a9d,0.030314800125756526
e72564e5,0.0560104841161896
e8aee38c,0.997639166068588
8f9ea036,0.7548605450845814
5a9d352e,0.26003287350580384
b65aee64,0.005329361929487165
9da54eaa,0.578608796934321
01ce241c,0.0461755628385727
0c22be55,0.0534483471547342
4dec59ea,0.009784842323667647
a5f7b928,0.9450599227965437
21dceaa2,0.5017236804393291
eb04dad9,0.07648613313652176
d2116929,0.9536079789293176
34c72503,0.37638340884346055
a5832b36,0.17696242167295242
c22fdfc9,0.02496861120401727
e9632fa4,0.08229310787428601
30fc240f,0.2669680903510814
5247131c,0.09195273379259092
babca4f6,0.16640483497885178
99e2bd18,0.6371966918111461
c9174c2f,0.4658458779694518
4f81747b,0.668302645149857
b2e332d7,0.1820430712950664
c626241e,0.9865574672903008
64757256,0.07782005137821439
06bbcaf7,0.15642629472852154
eba97190,0.9428643475215065
9476c347,0.665364751704994
035c79d2,0.997639166068588
d3c7c5e2,0.04079022508072542
83423b81,0.2368747210941969
b8130bd1,0.9482930003235474
b30cff1e,0.9001517941844158
f883065d,0.8209896802389686
a8eedfc9,0.023142362999772743
2a6bb6d2,0.006709352971068472
ee85895d,0.020967447152638752
bc14770c,0.9871002015588832
347ec6dc,0.9229762536618127
e71a97c4,0.05947035337102298
95e17b14,0.9945871610375138
a0e73133,0.22906425710861736
de15de0c,0.9973554010907757
2ed01491,0.011966548265965432
413352fe,0.07658469156987512
a40a973c,0.08582668737365065
8e72bb9c,0.1271899534110997
258ee117,0.01375682678155581
853c4996,0.09548925101120022
3f5b053c,0.28885996386269996
aa80c341,0.2395439127092117
b7d99d68,0.04742907190841232
5fdb34c8,0.07195060867983782
5c5c308f,0.013393127244128047
84da56d1,0.20917271332530524
599ef483,0.9918376776803294
ecebb6e5,0.006014830417718299
1a09b874,0.020602075595648264
a2ff5cee,0.030157212301018543
77dac6a2,0.039235320823715135
38f8ef56,0.8832811160354552
af866bde,0.026517741040301596
4307eea4,0.7811825756110056
47c4b5df,0.0028695531975190935
50b73e51,0.29716099306084
94115619,0.03529794198001072
f5585506,0.9454224591412803
6d1b09a6,0.0037371607975360197
26bef896,0.003092143802942306
3fd26d2e,0.9129669163964514
f30ae7fc,0.034225544981605766
c7078e24,0.20775130054468036
6a27f1a5,0.022377813475504122
ac2e55c1,0.7077397046076562
569057d7,0.004501597261786629
249bfb66,0.3037313914240481
b5b47e7f,0.0037371607975360197
859b90e8,0.028617903285018516
cb616dcb,0.30105108013755977
a1d82e68,0.004501597261786629
b6af8cb5,0.6768250531115406
9f3ac8b6,0.004707883488232799
8e7ed177,0.04854923634354582
3a171c3f,0.08018490595943781
c569a5b5,0.16085383850215254
0b3df90e,0.01838002239001426
b44c59d3,0.004707883488232799
80b1c089,0.9968346936619448
f9040388,0.0928098767813931
adf56e8f,0.07523254793795549
17c297fd,0.007098274508674432
7e62b92e,0.24437696187308605
d31062c7,0.8618855036997516
21ebe328,0.05110539832681795
9d258f24,0.05657838454893701
d6f80cf1,0.6669932045275654
70be36f7,0.911502284543614
a1be1f8e,0.27630947235098474
16950750,0.7813951993263253
b78926f6,0.005280310378968736
0420f31c,0.2580375447097797
9a054257,0.057139855337522936
6cba1851,0.009425004659033075
0f4310de,0.035508435782164824
4424e5c5,0.3903571262695634
8b1a480a,0.6135506996436558
85b5178b,0.005580695817057635
0cea29c6,0.4134325003926297
85bebe7e,0.9973166097315319
aab0a9e3,0.2357700093767095
e31a1ee0,0.24152231801171956
bd4ae8e9,0.8163455545385983
b8960985,0.061866826083115126
a8a93769,0.6461471259759415
ed22ac7b,0.879343891254656
0d6c727d,0.6793368657616288
cd372b94,0.9974879616437127
ba228d5a,0.6321101095204961
a64a29c5,0.005078080491781991
b0b3579a,0.9521518313121848
f30f4bc5,0.05516651554954558
d19fac7c,0.9929539301609559
fbf17cb8,0.09393999946765655
88ed8bf2,0.9927750627338672
ff3b5182,0.16259185187353892
9e201c07,0.37288336003804323
627bf7d7,0.7796298198561489
8a00ac70,0.9895705972474211
d6f75bbb,0.23858100737946297
3209bbcb,0.057618857828025706
c0e4d2d8,0.002218758279336169
74479497,0.02145813773440212
633e3a0c,0.004401665640752088
bbd1ab23,0.025018589602954566
f3f73954,0.99739353384475
3deb85e1,0.11629017436783322
cff0e251,0.47324746212543084
0bf204b8,0.7550088946380776
d5c6ef2c,0.997639166068588
2014ed67,0.01519264545850239
7a3a993e,0.9975905851058167
495917ee,0.005398441994493128
05836dd3,0.6744203456100826
69cb6e2e,0.002958906379692438
51e43b34,0.7645612508415441
e542077d,0.1674049698355148
52832607,0.0228996578365475
119f4f73,0.9974792235630631
f41b3047,0.9853624542003455
24d6a07e,0.9852639994375622
6384b6d7,0.006679368123307281
9fab8896,0.5012595375234532
cb09b479,0.2539499770015069
24a59091,0.7940153371915943
b0f09ab1,0.2235134055502243
69a57fb8,0.022081547416546315
7681673b,0.29897064577737625
4a4ce277,0.9786391762401264
4da804ac,0.970016231257589
2a281278,0.44831266808595427
66b43da3,0.6338722627139319
06b0c592,0.005243943165979854
ef3e720f,0.011307345112822154
4068d4f6,0.006366453613021431
c85273f8,0.014161955688802977
7ade2a31,0.10205054414018158
4d407934,0.5843076075291622
cd6fb38e,0.6691193069195952
bf57ad35,0.446593532853352
79042600,0.004372865666567532
e2fcd70f,0.025471300046724803
cdc6009c,0.028059576421516658
a545c281,0.00573463895947901
17b84ff4,0.9973693299226015
b84d92f0,0.06193331884585118
904988eb,0.8000161452763133
7389950e,0.013990851100525272
4e3f4565,0.9517360743743806
0e686076,0.6409297325254981
77309428,0.028477721544288313
91b26fa6,0.008212721937485307
9b181db1,0.11220767736908381
8aac817b,0.019653475989299445
bd91adb5,0.997639166068588
03e6573e,0.11814332144804023
b4fca22d,0.9974306426002917
e7d42e93,0.09540939899370753
2a44f5fe,0.9939136807545313
551e6807,0.5118872175224227
e700b2e2,0.2815384941023148
cd6412f6,0.7181795691792774
7c146316,0.3038155389854122
bc805392,0.997639166068588
ed64dc71,0.004992736370216346
846eb21e,0.004382475342358415
2c0fdaf2,0.051994078870314785
6258eb47,0.997639166068588
f8453d9a,0.9935982035016204
9e14bb7b,0.058169004386524045
ac0eff6c,0.19483896626761005
7b00e74e,0.9878918346279759
21fe224f,0.5019127680159705
64d845bd,0.6624074455041274
6aa132c4,0.9699889775843953
29c66c88,0.9915615787388674
6c4ef208,0.9405658998243338
9c17c702,0.005314650210824662
49d6c9be,0.0032988484363546374
4687c7bb,0.009784842323667647
611fff41,0.21993084700683901
da08fbcc,0.9704218745149438
0934055a,0.2001423732943944
99d6b4b3,0.9914523352295905
f7f239d8,0.0433194786141244
e0c9a0d0,0.8773920320865936
da7f1ae1,0.1786281952447015
02892050,0.997639166068588
bcfb142b,0.1530508493842028
6838c457,0.6721255062318635
f3753529,0.007262293469724432
b56055b0,0.31021336421961376
24860b54,0.9160452802116404
45992618,0.9916179443706212
11db3fbf,0.9658069687438177
e3ae671f,0.07679065768753365
8ffb617e,0.9975905851058167
10019877,0.03562526893653887
f955cb15,0.9559575899218963
03319c06,0.007941247186058927
678e07cb,0.9640558376532932
cc2d6f44,0.6192912257373292
9b237830,0.09195273379259092
d19b0865,0.99739353384475
432874c1,0.1830286068785237
56e94832,0.027302928667122313
11562d9a,0.0186533861318937
4323be8d,0.026659807140678865
e0f12ea3,0.2848909566939395
c37b2415,0.2436059673622289
3160e6a6,0.004693277843235992
d1109fb3,0.03595699872496803
e1ac1380,0.067059177047372
bd3f03d6,0.9917962144643656
799cc02b,0.028392165125794094
ebbd337a,0.05537939030111586
fef71174,0.6710457213016812
28b5c757,0.997639166068588
96fc75f0,0.8289809772410786
75f0274a,0.9829490015586057
4f477019,0.0247211936727861
eb40add7,0.06942380285695977
105598f5,0.0033856275746201522
fab2344a,0.9806811082974655
b02341ae,0.13129562165164557
2f8fc850,0.03170199352577466
1f799d08,0.292591762479029
120dde5e,0.006295502785651205
0857b500,0.02064100314018442
7f3078d2,0.9967941017881149
54b471ed,0.006758467095374534
2fb8f1ce,0.9973693299226015
857bbc96,0.8578058331837951
a3a7e2bc,0.9974179108853729
b229c3a4,0.04487894148525969
7d52d713,0.0064905802827205815
44ab12fc,0.002958906379692438
07226f6e,0.9926170195841305
fe150681,0.6690015795497565
c643593b,0.10991989599572308
8db8d4cf,0.3805107695312654
29f8e377,0.046835016493734824
280d564f,0.984767402223467
b1246945,0.043919554589746404
61f69657,0.5122345935526932
dfe51633,0.9424741906721452
a77006f9,0.06350735548741683
299701f5,0.005648229201574134
d3746818,0.9976007193123761
8bc415a2,0.8434930514276425
9af87cfe,0.10696670917488811
8c764ec6,0.006244973442552827
3f0ea6e4,0.16209149744341145
211cf93f,0.0030474730401836665
e2cdfad5,0.9920941370666506
f466f4a8,0.03335507930780933
8f980130,0.28255398693230627
ad5873a2,0.09253853441708701
e0a49f6f,0.9973101221080064
2bbf2ad4,0.9602543966291102
dfe5dd9d,0.00677134690890067
9b848898,0.7544734922116879
e78c0c33,0.0088259796892692
ac1aaaa0,0.9973693299226015
8632edf6,0.9810824629835828
3fda82b7,0.9080299872716721
de18c529,0.04576665103237672
93bbe170,0.9935795734800253
df29d9e4,0.20112437509403264
ea5b7f8c,0.9625983608029459
a96100a7,0.2402619337695878
45e29d4f,0.005390585928965446
99915d18,0.34962345054933974
d73eec96,0.9564404804659228
f3955d0c,0.9975716776080397
29684b52,0.3118285505839057
8e17ea0d,0.9101481959589235
9f0b9a2f,0.017367486054935533
7b715858,0.3297426764822383
e087ab46,0.03270495196755971
71fb9cd0,0.0643742004210988
f204cdcd,0.006880715492698239
a2f3f311,0.911502284543614
b64ee43e,0.6309840995080439
99f716db,0.5360280600629541
c89c040a,0.9938188522703003
94ef5ad4,0.9966416150207003
4b858ee1,0.004575270708602043
22e2a635,0.7873975737690557
2e025b79,0.007295429868220044
e90c867a,0.6183030369259812
34882313,0.005493779207250889
b424de84,0.7533335253306174
10dec756,0.9576425110574271
27a755dc,0.7813951993263253
5eaeecc4,0.024921499200551284
d00c0b0d,0.02210366152056514
563df120,0.013293212811255246
7ed9775c,0.9332837232358852
a9bd7434,0.7538398591810427
5ec6d406,0.005656060106978335
b434879e,0.007323083251265234
f5ebf28d,0.13546603825409256
6c3c21bc,0.0034917774775868847
f31da0a1,0.9873458085037606
bb86e469,0.002555569157738064
cdbb3317,0.0025057538214213583
a4ef4509,0.19457883081622404
f720a72a,0.6603680197359197
b87fb94a,0.26627992936924993
0b6b233e,0.9485544372686237
4780af9d,0.15361022482385675
d2e77c97,0.042464129745577034
6ee095f3,0.9912232428973468
83797d81,0.2162243704754224
52032af1,0.2575004219635687
78765bef,0.002218030567165235
f0f9010a,0.04430250117589314
72c2e7cc,0.03390489673136663
35051b2d,0.20110894601679083
9293234e,0.002218758279336169
f39b349f,0.023628298912188147
a46c1d98,0.9633149472013305
95f4aa3f,0.9896480375114161
a7fd551e,0.23748793401904225
74d5762a,0.07513879203798042
dd0e5e57,0.8404383257621573
844e034a,0.46405888074908425
33ae9024,0.4602030236891969
669faf54,0.04199676691992106
d64e230a,0.949316262545459
dc3a1460,0.3904042394754952
afae1298,0.996614455696087
dc7bb362,0.9974179108853729
a15542f3,0.9968537381707631
9f12c319,0.0385990458220849
6b4287c6,0.004356137117139419
1cb5df2d,0.6771539831913302
8e6673cd,0.12661651321362527
79dbd26d,0.07153322977182376
205c0953,0.9501864516427425
f18d3b58,0.7955810229070683
8dc6fdaa,0.024288069027490727
918181e8,0.9966416150207003
98ffae4c,0.786578161702982
e213a7b0,0.06711974898762962
a7870371,0.06281170049646657
5ba0ce0a,0.9974148669351675
70e251df,0.16254688762885744
f4c2a809,0.0358080842163526
b11eba0e,0.002941135487859338
3d2b5837,0.9969037910078737
18709091,0.0022947764802994167
232adf11,0.6793368657616288
391721aa,0.8314355765930814
4dd2af36,0.99739353384475
de9d0bff,0.006279042086758323
99acd7cf,0.3924732820468237
b84f1b40,0.9972557668674664
c12423ad,0.025339794444687418
76aba7e1,0.15113241495464774
6db91190,0.009120294269083931
8617bd74,0.37228016684615156
68930884,0.16317540954015425
902fa096,0.0037371607975360197
72a535d6,0.6302262761961777
f5baafb7,0.9969969737795508
24a4c198,0.00533065196110395
0b2918c3,0.9304275212781008
26a75ad9,0.9966152779261274
8689eeae,0.9699889775843953
3cf76fb4,0.7604518535897729
dd09c785,0.035984370146081884
02ff1f18,0.00597903700062086
acb8040b,0.376598948594491
904d18ba,0.971254342186359
79df85cb,0.2547271080164715
df6a5355,0.36423934943952946
f082464c,0.9933352633718304
1e948a0a,0.5816168210733756
367a9a5b,0.03499397795191607
8879e50d,0.018596166782806074
d468bfe3,0.700000735712497
2d3ef7d6,0.8671583088889505
21256e14,0.6707091033980996
730337bd,0.08304663498291963
3e8bdad5,0.350123227270008
b3f44e49,0.05082058902091037
d9e1007e,0.0023337994790801164
0ad776f3,0.042869492988580574
b333cff9,0.7375611098083312
7e1550a4,0.9951235397129337
2425a337,0.1777703267400785
4e91feab,0.0028589868179639
010ef9f0,0.05453294609992293
e4b26d3d,0.5656308780922645
8acf5ef7,0.19127501213323778
a7bfd931,0.024546554216776813
8ae30ce6,0.0051494520447452315
de27ed88,0.004372865666567532
66d5196f,0.041825996545901835
d85f1858,0.27088959213633707
16dcb33a,0.7280133213384327
eca3158e,0.017367486054935533
08daeee6,0.005762174094328893
e9c513ee,0.006472412223478957
b1519fa6,0.6517906917830649
dfc89540,0.7651568244758568
8fd8c0e9,0.4647467439305351
45df6347,0.0288620051077391
bf7928d7,0.0637023049810049
7b587c05,0.024279731554537328
c2834388,0.04045666891384771
146143c3,0.9860899370514712
d59aee00,0.002190401432397596
cbc0b93b,0.08553686367189221
088e2ff7,0.9968862700108889
673d33cd,0.25027433552505346
674b031e,0.0637023049810049
43db4207,0.3764525490764119
156855e1,0.0023192026926359298
ac96cfb0,0.1007998651089322
fe45aef5,0.9933974173875268
16ee9b50,0.004778590533077607
5a599eb7,0.1883822535186883
df30d6dd,0.0027152517702175153
18af95b1,0.997639166068588
27d788c8,0.0738229840709301
